<step title="BackgroundTrace" date="2025-10-09T15:50:20.083" instance="92ca53" url="/api/zipdeploy" method="POST" >
  <step title="Updating shutdown sentinel last write time" date="2025-10-09T15:50:20.099" SemaphoreCount="7" /><!-- duration: 0ms -->
  <step title="LockFile &apos;C:\home\site\locks\deployments.lock&apos; acquired" date="2025-10-09T15:50:20.099" /><!-- duration: 16ms -->
  <step title="Creating temporary deployment" date="2025-10-09T15:50:20.114" /><!-- duration: 47ms -->
  <step title="Performing fetch based deployment" date="2025-10-09T15:50:20.161" >
    <step title="Fetching changes." date="2025-10-09T15:50:20.224" /><!-- duration: 16ms -->
    <step title="Starting LocalZipHandler" date="2025-10-09T15:50:20.255" /><!-- duration: 0ms -->
    <step title="Cleaning up temp folders from previous zip deployments and extracting pushed zip file C:\local\Temp\zipdeploy\mvijnsys.zip (89.92 MB) to C:\local\Temp\zipdeploy\extracted" date="2025-10-09T15:50:20.286" /><!-- duration: 0ms -->
    <step title="Cleaning up temp folders from previous zip deployments and extracting pushed zip file C:\local\Temp\zipdeploy\mvijnsys.zip (89.92 MB) to C:\local\Temp\zipdeploy\extracted" date="2025-10-09T15:50:20.286" >
      <step title="Extracting 1614 entries to C:\local\Temp\zipdeploy\extracted directory" date="2025-10-09T15:50:20.318" >
        <step title="Extracting to C:\local\Temp\zipdeploy\extracted\Azure.Core.dll ..." date="2025-10-09T15:50:20.318" /><!-- duration: 16ms -->
        <step title="Extracting to C:\local\Temp\zipdeploy\extracted\Azure.Data.Tables.dll ..." date="2025-10-09T15:50:20.349" /><!-- duration: 0ms -->
        <step title="Extracting to C:\local\Temp\zipdeploy\extracted\BlazorDebugProxy\BrowserDebugHost.dll ..." date="2025-10-09T15:50:20.349" /><!-- duration: 16ms -->
        <step title="Extracting to C:\local\Temp\zipdeploy\extracted\BlazorDebugProxy\BrowserDebugHost.runtimeconfig.json ..." date="2025-10-09T15:50:20.364" /><!-- duration: 0ms -->
        <step title="Extracting to C:\local\Temp\zipdeploy\extracted\BlazorDebugProxy\BrowserDebugProxy.dll ..." date="2025-10-09T15:50:20.364" /><!-- duration: 16ms -->
        <step title="Omitting extracting file traces ..." date="2025-10-09T15:50:20.380" /><!-- duration: 16ms -->
        <step title="Extracting to C:\local\Temp\zipdeploy\extracted\wwwroot\wwwroot\wwwroot\lib\bootstrap\dist\js\bootstrap.min.js.map.br ..." date="2025-10-09T15:50:23.411" /><!-- duration: 0ms -->
        <step title="Extracting to C:\local\Temp\zipdeploy\extracted\wwwroot\wwwroot\wwwroot\lib\bootstrap\dist\js\bootstrap.min.js.map.gz ..." date="2025-10-09T15:50:23.411" /><!-- duration: 16ms -->
        <step title="Extracting to C:\local\Temp\zipdeploy\extracted\wwwroot\wwwroot\wwwroot\sample-data\weather.json ..." date="2025-10-09T15:50:23.427" /><!-- duration: 0ms -->
        <step title="Extracting to C:\local\Temp\zipdeploy\extracted\wwwroot\wwwroot\wwwroot\sample-data\weather.json.br ..." date="2025-10-09T15:50:23.427" /><!-- duration: 16ms -->
        <step title="Extracting to C:\local\Temp\zipdeploy\extracted\wwwroot\wwwroot\wwwroot\sample-data\weather.json.gz ..." date="2025-10-09T15:50:23.443" /><!-- duration: 0ms -->
      </step><!-- duration: 3125ms -->
    </step><!-- duration: 3172ms -->
    <step title="Before sending BuildRequestReceived status to /api/updatedeploystatus" date="2025-10-09T15:50:23.458" /><!-- duration: 0ms -->
    <step title="DeploymentManager.Deploy(id:9998b388241745a2860dbe47c949baf2)" date="2025-10-09T15:50:23.474" >
      <step title="Collecting changeset information" date="2025-10-09T15:50:23.492" /><!-- duration: 13ms -->
      <step title="Updating submodules" date="2025-10-09T15:50:23.521" >
        <step title="Updating submodules." date="2025-10-09T15:50:23.552" /><!-- duration: 0ms -->
      </step><!-- duration: 31ms -->
      <step title="Preparing deployment for commit id &apos;9998b38824&apos;." date="2025-10-09T15:50:23.614" /><!-- duration: 0ms -->
      <step title="Determining deployment builder" date="2025-10-09T15:50:23.646" >
        <step title="Builder is BasicBuilder" date="2025-10-09T15:50:23.646" /><!-- duration: 16ms -->
      </step><!-- duration: 16ms -->
      <step title="Copying SSH keys" date="2025-10-09T15:50:23.677" /><!-- duration: 0ms -->
      <step title="Building" date="2025-10-09T15:50:23.677" >
        <step title="Generating deployment script." date="2025-10-09T15:50:23.708" /><!-- duration: 0ms -->
        <step title="Generating deployment script" date="2025-10-09T15:50:23.724" >
          <step title="Using cached version of the deployment script for command: -y --no-dot-deployment -r &quot;C:\local\Temp\zipdeploy\extracted&quot; -o &quot;C:\home\site\deployments\tools&quot; --basic --sitePath &quot;C:\local\Temp\zipdeploy\extracted&quot;" date="2025-10-09T15:50:23.771" /><!-- duration: 31ms -->
          <step title="Using cached version of deployment script (command: &apos;azure -y --no-dot-deployment -r &quot;C:\local\Temp\zipdeploy\extracted&quot; -o &quot;C:\home\site\deployments\tools&quot; --basic --sitePath &quot;C:\local\Temp\zipdeploy\extracted&quot;&apos;)." date="2025-10-09T15:50:23.802" /><!-- duration: 0ms -->
        </step><!-- duration: 94ms -->
        <step title="Running deployment command..." date="2025-10-09T15:50:23.833" /><!-- duration: 0ms -->
        <step title="Command: &quot;C:\home\site\deployments\tools\deploy.cmd&quot;" date="2025-10-09T15:50:23.849" /><!-- duration: 16ms -->
        <step title="Executing external process" date="2025-10-09T15:50:23.864" type="process" path="starter.cmd" arguments="&quot;C:\home\site\deployments\tools\deploy.cmd&quot;" >
          <step title="Handling Basic Web Site deployment." date="2025-10-09T15:50:24.021" /><!-- duration: 0ms -->
          <step title="Creating app_offline.htm" date="2025-10-09T15:50:24.427" /><!-- duration: 0ms -->
          <step title="KuduSync.NET from: &apos;C:\local\Temp\zipdeploy\extracted&apos; to: &apos;C:\home\site\wwwroot&apos;" date="2025-10-09T15:50:24.443" /><!-- duration: 0ms -->
          <step title="Copying file: &apos;appsettings.Development.json&apos;" date="2025-10-09T15:50:24.443" /><!-- duration: 16ms -->
          <step title="Copying file: &apos;appsettings.json&apos;" date="2025-10-09T15:50:24.458" /><!-- duration: 0ms -->
          <step title="Copying file: &apos;PoRepoLineTracker.Api&apos;" date="2025-10-09T15:50:24.474" /><!-- duration: 0ms -->
          <step title="Copying file: &apos;PoRepoLineTracker.Api.deps.json&apos;" date="2025-10-09T15:50:24.474" /><!-- duration: 0ms -->
          <step title="Copying file: &apos;PoRepoLineTracker.Api.dll&apos;" date="2025-10-09T15:50:24.489" /><!-- duration: 0ms -->
          <step title="Copying file: &apos;PoRepoLineTracker.Api.pdb&apos;" date="2025-10-09T15:50:24.489" /><!-- duration: 0ms -->
          <step title="Copying file: &apos;PoRepoLineTracker.Api.runtimeconfig.json&apos;" date="2025-10-09T15:50:24.505" /><!-- duration: 0ms -->
          <step title="Copying file: &apos;PoRepoLineTracker.Api.staticwebassets.endpoints.json&apos;" date="2025-10-09T15:50:24.505" /><!-- duration: 0ms -->
          <step title="Copying file: &apos;PoRepoLineTracker.Application.dll&apos;" date="2025-10-09T15:50:24.521" /><!-- duration: 0ms -->
          <step title="Copying file: &apos;PoRepoLineTracker.Application.pdb&apos;" date="2025-10-09T15:50:24.521" /><!-- duration: 0ms -->
          <step title="Copying file: &apos;PoRepoLineTracker.Client.dll&apos;" date="2025-10-09T15:50:24.536" /><!-- duration: 0ms -->
          <step title="Copying file: &apos;PoRepoLineTracker.Client.pdb&apos;" date="2025-10-09T15:50:24.536" /><!-- duration: 0ms -->
          <step title="Copying file: &apos;PoRepoLineTracker.Domain.dll&apos;" date="2025-10-09T15:50:24.552" /><!-- duration: 0ms -->
          <step title="Copying file: &apos;PoRepoLineTracker.Domain.pdb&apos;" date="2025-10-09T15:50:24.552" /><!-- duration: 0ms -->
          <step title="Copying file: &apos;PoRepoLineTracker.Infrastructure.dll&apos;" date="2025-10-09T15:50:24.568" /><!-- duration: 0ms -->
          <step title="Copying file: &apos;PoRepoLineTracker.Infrastructure.pdb&apos;" date="2025-10-09T15:50:24.568" /><!-- duration: 0ms -->
          <step title="Copying file: &apos;wwwroot\favicon.png&apos;" date="2025-10-09T15:50:24.583" /><!-- duration: 0ms -->
          <step title="Copying file: &apos;wwwroot\icon-192.png&apos;" date="2025-10-09T15:50:24.583" /><!-- duration: 0ms -->
          <step title="Copying file: &apos;wwwroot\index.html&apos;" date="2025-10-09T15:50:24.599" /><!-- duration: 0ms -->
          <step title="Copying file: &apos;wwwroot\index.html.br&apos;" date="2025-10-09T15:50:24.614" /><!-- duration: 0ms -->
          <step title="Copying file: &apos;wwwroot\index.html.gz&apos;" date="2025-10-09T15:50:24.614" /><!-- duration: 0ms -->
          <step title="Copying file: &apos;wwwroot\PoRepoLineTracker.Client.staticwebassets.endpoints.json&apos;" date="2025-10-09T15:50:24.630" /><!-- duration: 0ms -->
          <step title="Copying file: &apos;wwwroot\PoRepoLineTracker.Client.staticwebassets.endpoints.json.br&apos;" date="2025-10-09T15:50:24.630" /><!-- duration: 0ms -->
          <step title="Copying file: &apos;wwwroot\PoRepoLineTracker.Client.staticwebassets.endpoints.json.gz&apos;" date="2025-10-09T15:50:24.646" /><!-- duration: 0ms -->
          <step title="Copying file: &apos;wwwroot\PoRepoLineTracker.Client.styles.css&apos;" date="2025-10-09T15:50:24.646" /><!-- duration: 0ms -->
          <step title="Copying file: &apos;wwwroot\PoRepoLineTracker.Client.styles.css.br&apos;" date="2025-10-09T15:50:24.661" /><!-- duration: 0ms -->
          <step title="Copying file: &apos;wwwroot\PoRepoLineTracker.Client.styles.css.gz&apos;" date="2025-10-09T15:50:24.661" /><!-- duration: 0ms -->
          <step title="Copying file: &apos;wwwroot\css\app.css&apos;" date="2025-10-09T15:50:24.677" /><!-- duration: 0ms -->
          <step title="Copying file: &apos;wwwroot\css\app.css.br&apos;" date="2025-10-09T15:50:24.677" /><!-- duration: 0ms -->
          <step title="Copying file: &apos;wwwroot\css\app.css.gz&apos;" date="2025-10-09T15:50:24.693" /><!-- duration: 0ms -->
          <step title="Copying file: &apos;wwwroot\lib\bootstrap\dist\css\bootstrap-grid.css&apos;" date="2025-10-09T15:50:24.693" /><!-- duration: 0ms -->
          <step title="Copying file: &apos;wwwroot\lib\bootstrap\dist\css\bootstrap-grid.css.br&apos;" date="2025-10-09T15:50:24.708" /><!-- duration: 0ms -->
          <step title="Copying file: &apos;wwwroot\lib\bootstrap\dist\css\bootstrap-grid.css.gz&apos;" date="2025-10-09T15:50:24.708" /><!-- duration: 0ms -->
          <step title="Copying file: &apos;wwwroot\lib\bootstrap\dist\css\bootstrap-grid.css.map&apos;" date="2025-10-09T15:50:24.724" /><!-- duration: 0ms -->
          <step title="Copying file: &apos;wwwroot\lib\bootstrap\dist\css\bootstrap-grid.css.map.br&apos;" date="2025-10-09T15:50:24.724" /><!-- duration: 0ms -->
          <step title="Copying file: &apos;wwwroot\lib\bootstrap\dist\css\bootstrap-grid.css.map.gz&apos;" date="2025-10-09T15:50:24.739" /><!-- duration: 0ms -->
          <step title="Copying file: &apos;wwwroot\lib\bootstrap\dist\css\bootstrap-grid.min.css&apos;" date="2025-10-09T15:50:24.739" /><!-- duration: 0ms -->
          <step title="Copying file: &apos;wwwroot\lib\bootstrap\dist\css\bootstrap-grid.min.css.br&apos;" date="2025-10-09T15:50:24.755" /><!-- duration: 0ms -->
          <step title="Copying file: &apos;wwwroot\lib\bootstrap\dist\css\bootstrap-grid.min.css.gz&apos;" date="2025-10-09T15:50:24.755" /><!-- duration: 0ms -->
          <step title="Copying file: &apos;wwwroot\lib\bootstrap\dist\css\bootstrap-grid.min.css.map&apos;" date="2025-10-09T15:50:24.771" /><!-- duration: 0ms -->
          <step title="Copying file: &apos;wwwroot\lib\bootstrap\dist\css\bootstrap-grid.min.css.map.br&apos;" date="2025-10-09T15:50:24.771" /><!-- duration: 0ms -->
          <step title="Copying file: &apos;wwwroot\lib\bootstrap\dist\css\bootstrap-grid.min.css.map.gz&apos;" date="2025-10-09T15:50:24.786" /><!-- duration: 0ms -->
          <step title="Copying file: &apos;wwwroot\lib\bootstrap\dist\css\bootstrap-grid.rtl.css&apos;" date="2025-10-09T15:50:24.786" /><!-- duration: 0ms -->
          <step title="Copying file: &apos;wwwroot\lib\bootstrap\dist\css\bootstrap-grid.rtl.css.br&apos;" date="2025-10-09T15:50:24.786" /><!-- duration: 16ms -->
          <step title="Copying file: &apos;wwwroot\lib\bootstrap\dist\css\bootstrap-grid.rtl.css.gz&apos;" date="2025-10-09T15:50:24.802" /><!-- duration: 0ms -->
          <step title="Copying file: &apos;wwwroot\lib\bootstrap\dist\css\bootstrap-grid.rtl.css.map&apos;" date="2025-10-09T15:50:24.802" /><!-- duration: 16ms -->
          <step title="Copying file: &apos;wwwroot\lib\bootstrap\dist\css\bootstrap-grid.rtl.css.map.br&apos;" date="2025-10-09T15:50:24.818" /><!-- duration: 0ms -->
          <step title="Copying file: &apos;wwwroot\lib\bootstrap\dist\css\bootstrap-grid.rtl.css.map.gz&apos;" date="2025-10-09T15:50:24.818" /><!-- duration: 16ms -->
          <step title="Omitting next output lines..." date="2025-10-09T15:50:24.833" /><!-- duration: 0ms -->
          <step title="Finished successfully." date="2025-10-09T15:50:33.277" /><!-- duration: 0ms -->
        </step><!-- duration: 9429ms -->
        <step title="Running post deployment command(s)..." date="2025-10-09T15:50:33.356" /><!-- duration: 0ms -->
        <step title="Triggering recycle (preview mode disabled)." date="2025-10-09T15:50:33.403" /><!-- duration: 0ms -->
        <step title="Ignoring FS watcher based recycle request as this is a classic Windows app." date="2025-10-09T15:50:33.418" /><!-- duration: 0ms -->
        <step title="Deployment successful. DEPLOYMENTINFO: deploymentPath = ZipDeploy. Extract zip. , deployer = ZipDeploy, os = windows, sku = Free, siteName = PoRepoLineTracker, siteHostName = porepolinetracker.azurewebsites.net, deploymentStatus = Success" date="2025-10-09T15:50:33.449" /><!-- duration: 0ms -->
      </step><!-- duration: 9882ms -->
    </step><!-- duration: 10100ms -->
    <step title="Cleaning up temp files" date="2025-10-09T15:50:33.574" /><!-- duration: 0ms -->
    <step title="Skip function trigger and logicapp sync because function is not enabled." date="2025-10-09T15:50:33.606" /><!-- duration: 0ms -->
  </step><!-- duration: 13475ms -->
  <step title="LockFile &apos;C:\home\site\locks\deployments.lock&apos; released" date="2025-10-09T15:50:33.652" /><!-- duration: 0ms -->
  <step title="Deleting shutdown sentinel file" date="2025-10-09T15:50:33.652" SemaphoreCount="8" /><!-- duration: 16ms -->
</step><!-- duration: 13585ms -->
