<step title="Incoming Request" date="2025-10-09T18:54:36.063" instance="92ca53" url="/api/zipdeploy?isAsync=true" method="POST" type="request" pid="7040,2,10" Content-Length="94295761" Content-Type="application/octet-stream" Accept="application/json" Accept-Encoding="gzip" Authorization="Bea..." Host="porepolinetracker.scm.azurewebsites.net" User-Agent="azsdk-go-zip-deploy/1.0.0 (go1.25.0 X:loopvar; linux),azdev/1.20.0 (Go go1.25.0 X:loopvar; linux/amd64) GhActions" X-Ms-Correlation-Request-Id="c718b6b52aa9f286b6de688b747fde51" X-ARR-LOG-ID="c718b6b5-2aa9-f286-b6de-688b747fde51" CLIENT-IP="52.173.108.18:39952" X-SITE-DEPLOYMENT-ID="PoRepoLineTracker" WAS-DEFAULT-HOSTNAME="porepolinetracker.scm.azurewebsites.net" X-Forwarded-Proto="https" X-AppService-Proto="https" X-Forwarded-TlsVersion="1.3" X-WAWS-Unencoded-URL="/api/zipdeploy?isAsync=true" >
  <step title="Cleanup Xml Logs" date="2025-10-09T18:54:36.063" /><!-- duration: 16ms -->
  <step title="ZipPushDeploy" date="2025-10-09T18:54:36.109" >
    <step title="ZipDeploy. Extract zip. " date="2025-10-09T18:54:36.109" /><!-- duration: 0ms -->
    <step title="Starting PushDeployAsync" date="2025-10-09T18:54:36.125" /><!-- duration: 0ms -->
    <step title="Updating shutdown sentinel last write time" date="2025-10-09T18:54:36.141" SemaphoreCount="7" /><!-- duration: 16ms -->
    <step title="LockFile &apos;C:\home\site\locks\deployments.lock&apos; acquired" date="2025-10-09T18:54:36.172" /><!-- duration: 0ms -->
    <step title="Saving request content to C:\local\Temp\zipdeploy\0nlbrlfz.zip" date="2025-10-09T18:54:36.172" >
      <step title="Total 94,295,761 bytes written to C:\local\Temp\zipdeploy\0nlbrlfz.zip" date="2025-10-09T18:54:37.094" /><!-- duration: 0ms -->
    </step><!-- duration: 937ms -->
    <step title="LockFile &apos;C:\home\site\locks\deployments.lock&apos; released" date="2025-10-09T18:54:37.109" /><!-- duration: 0ms -->
    <step title="Deleting shutdown sentinel file" date="2025-10-09T18:54:37.125" SemaphoreCount="8" /><!-- duration: 0ms -->
    <step title="Starting FetchDeploy" date="2025-10-09T18:54:37.125" /><!-- duration: 0ms -->
    <step title="Start deployment in the background" date="2025-10-09T18:54:37.141" /><!-- duration: 62ms -->
  </step><!-- duration: 1094ms -->
  <step title="Outgoing response" date="2025-10-09T18:54:37.219" type="response" statusCode="202" statusText="Accepted" Server="Microsoft-IIS/10.0" x-ms-request-id="c718b6b5-2aa9-f286-b6de-688b747fde51" Retry-After="30" Cache-Control="private" X-AspNet-Version="4.0.30319" Location="https://porepolinetracker.scm.azurewebsites.net/api/deployments/latest?deployer=ZipDeploy&amp;time=2025-10-09_18-54-37Z" /><!-- duration: 0ms -->
</step><!-- duration: 1156ms -->
