<step title="BackgroundTrace" date="2025-10-09T15:56:24.425" instance="92ca53" url="/api/zipdeploy" method="POST" >
  <step title="Updating shutdown sentinel last write time" date="2025-10-09T15:56:24.441" SemaphoreCount="7" /><!-- duration: 0ms -->
  <step title="LockFile &apos;C:\home\site\locks\deployments.lock&apos; acquired" date="2025-10-09T15:56:24.441" /><!-- duration: 0ms -->
  <step title="Creating temporary deployment" date="2025-10-09T15:56:24.456" /><!-- duration: 16ms -->
  <step title="Performing fetch based deployment" date="2025-10-09T15:56:24.472" >
    <step title="Fetching changes." date="2025-10-09T15:56:24.503" /><!-- duration: 16ms -->
    <step title="Starting LocalZipHandler" date="2025-10-09T15:56:24.535" /><!-- duration: 0ms -->
    <step title="Cleaning up temp folders from previous zip deployments and extracting pushed zip file C:\local\Temp\zipdeploy\qknepge2.zip (89.92 MB) to C:\local\Temp\zipdeploy\extracted" date="2025-10-09T15:56:24.550" /><!-- duration: 16ms -->
    <step title="Cleaning up temp folders from previous zip deployments and extracting pushed zip file C:\local\Temp\zipdeploy\qknepge2.zip (89.92 MB) to C:\local\Temp\zipdeploy\extracted" date="2025-10-09T15:56:24.566" >
      <step title="Renaming extractTargetDirectory(C:\local\Temp\zipdeploy\extracted) to tempDirectory(C:\local\Temp\zipdeploy\ymwy3ca0.d0i)" date="2025-10-09T15:56:24.566" /><!-- duration: 0ms -->
      <step title="Extracting 1614 entries to C:\local\Temp\zipdeploy\extracted directory" date="2025-10-09T15:56:24.597" >
        <step title="Extracting to C:\local\Temp\zipdeploy\extracted\Azure.Core.dll ..." date="2025-10-09T15:56:24.597" /><!-- duration: 0ms -->
        <step title="Extracting to C:\local\Temp\zipdeploy\extracted\Azure.Data.Tables.dll ..." date="2025-10-09T15:56:24.613" /><!-- duration: 0ms -->
        <step title="Extracting to C:\local\Temp\zipdeploy\extracted\BlazorDebugProxy\BrowserDebugHost.dll ..." date="2025-10-09T15:56:24.613" /><!-- duration: 16ms -->
        <step title="Extracting to C:\local\Temp\zipdeploy\extracted\BlazorDebugProxy\BrowserDebugHost.runtimeconfig.json ..." date="2025-10-09T15:56:24.628" /><!-- duration: 31ms -->
        <step title="Extracting to C:\local\Temp\zipdeploy\extracted\BlazorDebugProxy\BrowserDebugProxy.dll ..." date="2025-10-09T15:56:24.660" /><!-- duration: 16ms -->
        <step title="Omitting extracting file traces ..." date="2025-10-09T15:56:24.675" /><!-- duration: 0ms -->
        <step title="Extracting to C:\local\Temp\zipdeploy\extracted\wwwroot\wwwroot\wwwroot\lib\bootstrap\dist\js\bootstrap.min.js.map.br ..." date="2025-10-09T15:56:27.597" /><!-- duration: 16ms -->
        <step title="Extracting to C:\local\Temp\zipdeploy\extracted\wwwroot\wwwroot\wwwroot\lib\bootstrap\dist\js\bootstrap.min.js.map.gz ..." date="2025-10-09T15:56:27.613" /><!-- duration: 0ms -->
        <step title="Extracting to C:\local\Temp\zipdeploy\extracted\wwwroot\wwwroot\wwwroot\sample-data\weather.json ..." date="2025-10-09T15:56:27.613" /><!-- duration: 16ms -->
        <step title="Extracting to C:\local\Temp\zipdeploy\extracted\wwwroot\wwwroot\wwwroot\sample-data\weather.json.br ..." date="2025-10-09T15:56:27.628" /><!-- duration: 0ms -->
        <step title="Extracting to C:\local\Temp\zipdeploy\extracted\wwwroot\wwwroot\wwwroot\sample-data\weather.json.gz ..." date="2025-10-09T15:56:27.628" /><!-- duration: 16ms -->
      </step><!-- duration: 3047ms -->
    </step><!-- duration: 3078ms -->
    <step title="Before sending BuildRequestReceived status to /api/updatedeploystatus" date="2025-10-09T15:56:27.644" /><!-- duration: 16ms -->
    <step title="DeploymentManager.Deploy(id:a144e8557e1f4e33a6065c1cdd1d3c1a)" date="2025-10-09T15:56:27.660" >
      <step title="Collecting changeset information" date="2025-10-09T15:56:27.660" /><!-- duration: 63ms -->
      <step title="Updating submodules" date="2025-10-09T15:56:27.739" >
        <step title="Updating submodules." date="2025-10-09T15:56:27.770" /><!-- duration: 0ms -->
      </step><!-- duration: 47ms -->
      <step title="Preparing deployment for commit id &apos;a144e8557e&apos;." date="2025-10-09T15:56:27.817" /><!-- duration: 0ms -->
      <step title="Determining deployment builder" date="2025-10-09T15:56:27.864" >
        <step title="Builder is BasicBuilder" date="2025-10-09T15:56:27.864" /><!-- duration: 0ms -->
      </step><!-- duration: 0ms -->
      <step title="Copying SSH keys" date="2025-10-09T15:56:27.879" /><!-- duration: 16ms -->
      <step title="Building" date="2025-10-09T15:56:27.895" >
        <step title="Generating deployment script." date="2025-10-09T15:56:27.926" /><!-- duration: 0ms -->
        <step title="Generating deployment script" date="2025-10-09T15:56:27.926" >
          <step title="Using cached version of the deployment script for command: -y --no-dot-deployment -r &quot;C:\local\Temp\zipdeploy\extracted&quot; -o &quot;C:\home\site\deployments\tools&quot; --basic --sitePath &quot;C:\local\Temp\zipdeploy\extracted&quot;" date="2025-10-09T15:56:27.942" /><!-- duration: 0ms -->
          <step title="Using cached version of deployment script (command: &apos;azure -y --no-dot-deployment -r &quot;C:\local\Temp\zipdeploy\extracted&quot; -o &quot;C:\home\site\deployments\tools&quot; --basic --sitePath &quot;C:\local\Temp\zipdeploy\extracted&quot;&apos;)." date="2025-10-09T15:56:27.958" /><!-- duration: 0ms -->
        </step><!-- duration: 47ms -->
        <step title="Running deployment command..." date="2025-10-09T15:56:28.004" /><!-- duration: 0ms -->
        <step title="Command: &quot;C:\home\site\deployments\tools\deploy.cmd&quot;" date="2025-10-09T15:56:28.020" /><!-- duration: 0ms -->
        <step title="Executing external process" date="2025-10-09T15:56:28.036" type="process" path="starter.cmd" arguments="&quot;C:\home\site\deployments\tools\deploy.cmd&quot;" >
          <step title="Handling Basic Web Site deployment." date="2025-10-09T15:56:28.161" /><!-- duration: 0ms -->
          <step title="Creating app_offline.htm" date="2025-10-09T15:56:28.520" /><!-- duration: 0ms -->
          <step title="KuduSync.NET from: &apos;C:\local\Temp\zipdeploy\extracted&apos; to: &apos;C:\home\site\wwwroot&apos;" date="2025-10-09T15:56:28.520" /><!-- duration: 16ms -->
          <step title="Copying file: &apos;appsettings.Development.json&apos;" date="2025-10-09T15:56:28.536" /><!-- duration: 0ms -->
          <step title="Copying file: &apos;appsettings.json&apos;" date="2025-10-09T15:56:28.536" /><!-- duration: 16ms -->
          <step title="Copying file: &apos;PoRepoLineTracker.Api&apos;" date="2025-10-09T15:56:28.551" /><!-- duration: 0ms -->
          <step title="Copying file: &apos;PoRepoLineTracker.Api.deps.json&apos;" date="2025-10-09T15:56:28.567" /><!-- duration: 0ms -->
          <step title="Copying file: &apos;PoRepoLineTracker.Api.dll&apos;" date="2025-10-09T15:56:28.567" /><!-- duration: 0ms -->
          <step title="Copying file: &apos;PoRepoLineTracker.Api.pdb&apos;" date="2025-10-09T15:56:28.583" /><!-- duration: 0ms -->
          <step title="Copying file: &apos;PoRepoLineTracker.Api.runtimeconfig.json&apos;" date="2025-10-09T15:56:28.583" /><!-- duration: 16ms -->
          <step title="Copying file: &apos;PoRepoLineTracker.Api.staticwebassets.endpoints.json&apos;" date="2025-10-09T15:56:28.598" /><!-- duration: 0ms -->
          <step title="Copying file: &apos;PoRepoLineTracker.Application.dll&apos;" date="2025-10-09T15:56:28.598" /><!-- duration: 0ms -->
          <step title="Copying file: &apos;PoRepoLineTracker.Application.pdb&apos;" date="2025-10-09T15:56:28.614" /><!-- duration: 0ms -->
          <step title="Copying file: &apos;PoRepoLineTracker.Client.dll&apos;" date="2025-10-09T15:56:28.614" /><!-- duration: 0ms -->
          <step title="Copying file: &apos;PoRepoLineTracker.Client.pdb&apos;" date="2025-10-09T15:56:28.630" /><!-- duration: 0ms -->
          <step title="Copying file: &apos;PoRepoLineTracker.Domain.dll&apos;" date="2025-10-09T15:56:28.630" /><!-- duration: 0ms -->
          <step title="Copying file: &apos;PoRepoLineTracker.Domain.pdb&apos;" date="2025-10-09T15:56:28.646" /><!-- duration: 0ms -->
          <step title="Copying file: &apos;PoRepoLineTracker.Infrastructure.dll&apos;" date="2025-10-09T15:56:28.646" /><!-- duration: 0ms -->
          <step title="Copying file: &apos;PoRepoLineTracker.Infrastructure.pdb&apos;" date="2025-10-09T15:56:28.662" /><!-- duration: 0ms -->
          <step title="Copying file: &apos;wwwroot\favicon.png&apos;" date="2025-10-09T15:56:28.677" /><!-- duration: 0ms -->
          <step title="Copying file: &apos;wwwroot\icon-192.png&apos;" date="2025-10-09T15:56:28.677" /><!-- duration: 0ms -->
          <step title="Copying file: &apos;wwwroot\index.html&apos;" date="2025-10-09T15:56:28.677" /><!-- duration: 16ms -->
          <step title="Copying file: &apos;wwwroot\index.html.br&apos;" date="2025-10-09T15:56:28.693" /><!-- duration: 0ms -->
          <step title="Copying file: &apos;wwwroot\index.html.gz&apos;" date="2025-10-09T15:56:28.725" /><!-- duration: 0ms -->
          <step title="Copying file: &apos;wwwroot\PoRepoLineTracker.Client.staticwebassets.endpoints.json&apos;" date="2025-10-09T15:56:28.725" /><!-- duration: 0ms -->
          <step title="Copying file: &apos;wwwroot\PoRepoLineTracker.Client.staticwebassets.endpoints.json.br&apos;" date="2025-10-09T15:56:28.740" /><!-- duration: 0ms -->
          <step title="Copying file: &apos;wwwroot\PoRepoLineTracker.Client.staticwebassets.endpoints.json.gz&apos;" date="2025-10-09T15:56:28.740" /><!-- duration: 0ms -->
          <step title="Copying file: &apos;wwwroot\PoRepoLineTracker.Client.styles.css&apos;" date="2025-10-09T15:56:28.756" /><!-- duration: 0ms -->
          <step title="Copying file: &apos;wwwroot\PoRepoLineTracker.Client.styles.css.br&apos;" date="2025-10-09T15:56:28.756" /><!-- duration: 0ms -->
          <step title="Copying file: &apos;wwwroot\PoRepoLineTracker.Client.styles.css.gz&apos;" date="2025-10-09T15:56:28.771" /><!-- duration: 0ms -->
          <step title="Copying file: &apos;wwwroot\css\app.css&apos;" date="2025-10-09T15:56:28.771" /><!-- duration: 16ms -->
          <step title="Copying file: &apos;wwwroot\css\app.css.br&apos;" date="2025-10-09T15:56:28.787" /><!-- duration: 0ms -->
          <step title="Copying file: &apos;wwwroot\css\app.css.gz&apos;" date="2025-10-09T15:56:28.787" /><!-- duration: 0ms -->
          <step title="Copying file: &apos;wwwroot\lib\bootstrap\dist\css\bootstrap-grid.css&apos;" date="2025-10-09T15:56:28.803" /><!-- duration: 0ms -->
          <step title="Copying file: &apos;wwwroot\lib\bootstrap\dist\css\bootstrap-grid.css.br&apos;" date="2025-10-09T15:56:28.803" /><!-- duration: 0ms -->
          <step title="Copying file: &apos;wwwroot\lib\bootstrap\dist\css\bootstrap-grid.css.gz&apos;" date="2025-10-09T15:56:28.818" /><!-- duration: 0ms -->
          <step title="Copying file: &apos;wwwroot\lib\bootstrap\dist\css\bootstrap-grid.css.map&apos;" date="2025-10-09T15:56:28.818" /><!-- duration: 31ms -->
          <step title="Copying file: &apos;wwwroot\lib\bootstrap\dist\css\bootstrap-grid.css.map.br&apos;" date="2025-10-09T15:56:28.850" /><!-- duration: 0ms -->
          <step title="Copying file: &apos;wwwroot\lib\bootstrap\dist\css\bootstrap-grid.css.map.gz&apos;" date="2025-10-09T15:56:28.866" /><!-- duration: 0ms -->
          <step title="Copying file: &apos;wwwroot\lib\bootstrap\dist\css\bootstrap-grid.min.css&apos;" date="2025-10-09T15:56:28.866" /><!-- duration: 0ms -->
          <step title="Copying file: &apos;wwwroot\lib\bootstrap\dist\css\bootstrap-grid.min.css.br&apos;" date="2025-10-09T15:56:28.881" /><!-- duration: 0ms -->
          <step title="Copying file: &apos;wwwroot\lib\bootstrap\dist\css\bootstrap-grid.min.css.gz&apos;" date="2025-10-09T15:56:28.881" /><!-- duration: 0ms -->
          <step title="Copying file: &apos;wwwroot\lib\bootstrap\dist\css\bootstrap-grid.min.css.map&apos;" date="2025-10-09T15:56:28.897" /><!-- duration: 0ms -->
          <step title="Copying file: &apos;wwwroot\lib\bootstrap\dist\css\bootstrap-grid.min.css.map.br&apos;" date="2025-10-09T15:56:28.897" /><!-- duration: 0ms -->
          <step title="Copying file: &apos;wwwroot\lib\bootstrap\dist\css\bootstrap-grid.min.css.map.gz&apos;" date="2025-10-09T15:56:28.913" /><!-- duration: 0ms -->
          <step title="Copying file: &apos;wwwroot\lib\bootstrap\dist\css\bootstrap-grid.rtl.css&apos;" date="2025-10-09T15:56:28.913" /><!-- duration: 0ms -->
          <step title="Copying file: &apos;wwwroot\lib\bootstrap\dist\css\bootstrap-grid.rtl.css.br&apos;" date="2025-10-09T15:56:28.928" /><!-- duration: 0ms -->
          <step title="Copying file: &apos;wwwroot\lib\bootstrap\dist\css\bootstrap-grid.rtl.css.gz&apos;" date="2025-10-09T15:56:28.928" /><!-- duration: 0ms -->
          <step title="Copying file: &apos;wwwroot\lib\bootstrap\dist\css\bootstrap-grid.rtl.css.map&apos;" date="2025-10-09T15:56:28.944" /><!-- duration: 0ms -->
          <step title="Copying file: &apos;wwwroot\lib\bootstrap\dist\css\bootstrap-grid.rtl.css.map.br&apos;" date="2025-10-09T15:56:28.944" /><!-- duration: 0ms -->
          <step title="Copying file: &apos;wwwroot\lib\bootstrap\dist\css\bootstrap-grid.rtl.css.map.gz&apos;" date="2025-10-09T15:56:28.960" /><!-- duration: 0ms -->
          <step title="Omitting next output lines..." date="2025-10-09T15:56:28.960" /><!-- duration: 0ms -->
          <step title="Finished successfully." date="2025-10-09T15:56:37.524" /><!-- duration: 16ms -->
        </step><!-- duration: 9503ms -->
        <step title="Running post deployment command(s)..." date="2025-10-09T15:56:37.570" /><!-- duration: 16ms -->
        <step title="Triggering recycle (preview mode disabled)." date="2025-10-09T15:56:37.633" /><!-- duration: 0ms -->
        <step title="Ignoring FS watcher based recycle request as this is a classic Windows app." date="2025-10-09T15:56:37.633" /><!-- duration: 16ms -->
        <step title="Deployment successful. DEPLOYMENTINFO: deploymentPath = ZipDeploy. Extract zip. , deployer = ZipDeploy, os = windows, sku = Free, siteName = PoRepoLineTracker, siteHostName = porepolinetracker.azurewebsites.net, deploymentStatus = Success" date="2025-10-09T15:56:37.680" /><!-- duration: 0ms -->
      </step><!-- duration: 9863ms -->
    </step><!-- duration: 10114ms -->
    <step title="Cleaning up temp files" date="2025-10-09T15:56:37.774" /><!-- duration: 0ms -->
    <step title="Skip function trigger and logicapp sync because function is not enabled." date="2025-10-09T15:56:37.789" /><!-- duration: 0ms -->
  </step><!-- duration: 13348ms -->
  <step title="LockFile &apos;C:\home\site\locks\deployments.lock&apos; released" date="2025-10-09T15:56:37.836" /><!-- duration: 0ms -->
  <step title="Deleting shutdown sentinel file" date="2025-10-09T15:56:37.836" SemaphoreCount="8" /><!-- duration: 16ms -->
</step><!-- duration: 13426ms -->
