<step title="BackgroundTrace" date="2025-10-09T15:54:26.481" instance="92ca53" url="/api/zipdeploy" method="POST" >
  <step title="Updating shutdown sentinel last write time" date="2025-10-09T15:54:26.496" SemaphoreCount="7" /><!-- duration: 0ms -->
  <step title="LockFile &apos;C:\home\site\locks\deployments.lock&apos; acquired" date="2025-10-09T15:54:26.496" /><!-- duration: 0ms -->
  <step title="Creating temporary deployment" date="2025-10-09T15:54:26.496" /><!-- duration: 47ms -->
  <step title="Performing fetch based deployment" date="2025-10-09T15:54:26.559" >
    <step title="Fetching changes." date="2025-10-09T15:54:26.606" /><!-- duration: 16ms -->
    <step title="Starting LocalZipHandler" date="2025-10-09T15:54:26.621" /><!-- duration: 0ms -->
    <step title="Cleaning up temp folders from previous zip deployments and extracting pushed zip file C:\local\Temp\zipdeploy\g4bqegyi.zip (89.92 MB) to C:\local\Temp\zipdeploy\extracted" date="2025-10-09T15:54:26.652" /><!-- duration: 0ms -->
    <step title="Cleaning up temp folders from previous zip deployments and extracting pushed zip file C:\local\Temp\zipdeploy\g4bqegyi.zip (89.92 MB) to C:\local\Temp\zipdeploy\extracted" date="2025-10-09T15:54:26.652" >
      <step title="Renaming extractTargetDirectory(C:\local\Temp\zipdeploy\extracted) to tempDirectory(C:\local\Temp\zipdeploy\nbsbxfdr.djz)" date="2025-10-09T15:54:26.668" /><!-- duration: 0ms -->
      <step title="Extracting 1614 entries to C:\local\Temp\zipdeploy\extracted directory" date="2025-10-09T15:54:26.699" >
        <step title="Extracting to C:\local\Temp\zipdeploy\extracted\Azure.Core.dll ..." date="2025-10-09T15:54:26.699" /><!-- duration: 31ms -->
        <step title="Extracting to C:\local\Temp\zipdeploy\extracted\Azure.Data.Tables.dll ..." date="2025-10-09T15:54:26.731" /><!-- duration: 16ms -->
        <step title="Extracting to C:\local\Temp\zipdeploy\extracted\BlazorDebugProxy\BrowserDebugHost.dll ..." date="2025-10-09T15:54:26.746" /><!-- duration: 0ms -->
        <step title="Extracting to C:\local\Temp\zipdeploy\extracted\BlazorDebugProxy\BrowserDebugHost.runtimeconfig.json ..." date="2025-10-09T15:54:26.746" /><!-- duration: 16ms -->
        <step title="Extracting to C:\local\Temp\zipdeploy\extracted\BlazorDebugProxy\BrowserDebugProxy.dll ..." date="2025-10-09T15:54:26.762" /><!-- duration: 16ms -->
        <step title="Omitting extracting file traces ..." date="2025-10-09T15:54:26.777" /><!-- duration: 0ms -->
        <step title="Extracting to C:\local\Temp\zipdeploy\extracted\wwwroot\wwwroot\wwwroot\lib\bootstrap\dist\js\bootstrap.min.js.map.br ..." date="2025-10-09T15:54:29.762" /><!-- duration: 0ms -->
        <step title="Extracting to C:\local\Temp\zipdeploy\extracted\wwwroot\wwwroot\wwwroot\lib\bootstrap\dist\js\bootstrap.min.js.map.gz ..." date="2025-10-09T15:54:29.762" /><!-- duration: 16ms -->
        <step title="Extracting to C:\local\Temp\zipdeploy\extracted\wwwroot\wwwroot\wwwroot\sample-data\weather.json ..." date="2025-10-09T15:54:29.777" /><!-- duration: 0ms -->
        <step title="Extracting to C:\local\Temp\zipdeploy\extracted\wwwroot\wwwroot\wwwroot\sample-data\weather.json.br ..." date="2025-10-09T15:54:29.777" /><!-- duration: 16ms -->
        <step title="Extracting to C:\local\Temp\zipdeploy\extracted\wwwroot\wwwroot\wwwroot\sample-data\weather.json.gz ..." date="2025-10-09T15:54:29.793" /><!-- duration: 0ms -->
      </step><!-- duration: 3094ms -->
    </step><!-- duration: 3156ms -->
    <step title="Before sending BuildRequestReceived status to /api/updatedeploystatus" date="2025-10-09T15:54:29.809" /><!-- duration: 0ms -->
    <step title="DeploymentManager.Deploy(id:e06e803558de40bbbe4bf16e3e655dfa)" date="2025-10-09T15:54:29.824" >
      <step title="Collecting changeset information" date="2025-10-09T15:54:29.824" /><!-- duration: 31ms -->
      <step title="Updating submodules" date="2025-10-09T15:54:29.856" >
        <step title="Updating submodules." date="2025-10-09T15:54:29.887" /><!-- duration: 0ms -->
      </step><!-- duration: 31ms -->
      <step title="Preparing deployment for commit id &apos;e06e803558&apos;." date="2025-10-09T15:54:29.934" /><!-- duration: 0ms -->
      <step title="Determining deployment builder" date="2025-10-09T15:54:29.981" >
        <step title="Builder is BasicBuilder" date="2025-10-09T15:54:29.981" /><!-- duration: 16ms -->
      </step><!-- duration: 16ms -->
      <step title="Copying SSH keys" date="2025-10-09T15:54:30.012" /><!-- duration: 0ms -->
      <step title="Building" date="2025-10-09T15:54:30.012" >
        <step title="Generating deployment script." date="2025-10-09T15:54:30.043" /><!-- duration: 16ms -->
        <step title="Generating deployment script" date="2025-10-09T15:54:30.059" >
          <step title="Using cached version of the deployment script for command: -y --no-dot-deployment -r &quot;C:\local\Temp\zipdeploy\extracted&quot; -o &quot;C:\home\site\deployments\tools&quot; --basic --sitePath &quot;C:\local\Temp\zipdeploy\extracted&quot;" date="2025-10-09T15:54:30.106" /><!-- duration: 0ms -->
          <step title="Using cached version of deployment script (command: &apos;azure -y --no-dot-deployment -r &quot;C:\local\Temp\zipdeploy\extracted&quot; -o &quot;C:\home\site\deployments\tools&quot; --basic --sitePath &quot;C:\local\Temp\zipdeploy\extracted&quot;&apos;)." date="2025-10-09T15:54:30.106" /><!-- duration: 16ms -->
        </step><!-- duration: 63ms -->
        <step title="Running deployment command..." date="2025-10-09T15:54:30.152" /><!-- duration: 0ms -->
        <step title="Command: &quot;C:\home\site\deployments\tools\deploy.cmd&quot;" date="2025-10-09T15:54:30.168" /><!-- duration: 0ms -->
        <step title="Executing external process" date="2025-10-09T15:54:30.184" type="process" path="starter.cmd" arguments="&quot;C:\home\site\deployments\tools\deploy.cmd&quot;" >
          <step title="Handling Basic Web Site deployment." date="2025-10-09T15:54:30.324" /><!-- duration: 0ms -->
          <step title="Creating app_offline.htm" date="2025-10-09T15:54:30.621" /><!-- duration: 0ms -->
          <step title="KuduSync.NET from: &apos;C:\local\Temp\zipdeploy\extracted&apos; to: &apos;C:\home\site\wwwroot&apos;" date="2025-10-09T15:54:30.621" /><!-- duration: 16ms -->
          <step title="Copying file: &apos;appsettings.Development.json&apos;" date="2025-10-09T15:54:30.637" /><!-- duration: 0ms -->
          <step title="Copying file: &apos;appsettings.json&apos;" date="2025-10-09T15:54:30.652" /><!-- duration: 0ms -->
          <step title="Copying file: &apos;PoRepoLineTracker.Api&apos;" date="2025-10-09T15:54:30.652" /><!-- duration: 0ms -->
          <step title="Copying file: &apos;PoRepoLineTracker.Api.deps.json&apos;" date="2025-10-09T15:54:30.668" /><!-- duration: 0ms -->
          <step title="Copying file: &apos;PoRepoLineTracker.Api.dll&apos;" date="2025-10-09T15:54:30.668" /><!-- duration: 0ms -->
          <step title="Copying file: &apos;PoRepoLineTracker.Api.pdb&apos;" date="2025-10-09T15:54:30.684" /><!-- duration: 0ms -->
          <step title="Copying file: &apos;PoRepoLineTracker.Api.runtimeconfig.json&apos;" date="2025-10-09T15:54:30.684" /><!-- duration: 0ms -->
          <step title="Copying file: &apos;PoRepoLineTracker.Api.staticwebassets.endpoints.json&apos;" date="2025-10-09T15:54:30.699" /><!-- duration: 0ms -->
          <step title="Copying file: &apos;PoRepoLineTracker.Application.dll&apos;" date="2025-10-09T15:54:30.699" /><!-- duration: 0ms -->
          <step title="Copying file: &apos;PoRepoLineTracker.Application.pdb&apos;" date="2025-10-09T15:54:30.715" /><!-- duration: 0ms -->
          <step title="Copying file: &apos;PoRepoLineTracker.Client.dll&apos;" date="2025-10-09T15:54:30.715" /><!-- duration: 16ms -->
          <step title="Copying file: &apos;PoRepoLineTracker.Client.pdb&apos;" date="2025-10-09T15:54:30.731" /><!-- duration: 0ms -->
          <step title="Copying file: &apos;PoRepoLineTracker.Domain.dll&apos;" date="2025-10-09T15:54:30.746" /><!-- duration: 0ms -->
          <step title="Copying file: &apos;PoRepoLineTracker.Domain.pdb&apos;" date="2025-10-09T15:54:30.746" /><!-- duration: 0ms -->
          <step title="Copying file: &apos;PoRepoLineTracker.Infrastructure.dll&apos;" date="2025-10-09T15:54:30.762" /><!-- duration: 0ms -->
          <step title="Copying file: &apos;PoRepoLineTracker.Infrastructure.pdb&apos;" date="2025-10-09T15:54:30.762" /><!-- duration: 16ms -->
          <step title="Copying file: &apos;wwwroot\favicon.png&apos;" date="2025-10-09T15:54:30.777" /><!-- duration: 0ms -->
          <step title="Copying file: &apos;wwwroot\icon-192.png&apos;" date="2025-10-09T15:54:30.793" /><!-- duration: 0ms -->
          <step title="Copying file: &apos;wwwroot\index.html&apos;" date="2025-10-09T15:54:30.793" /><!-- duration: 0ms -->
          <step title="Copying file: &apos;wwwroot\index.html.br&apos;" date="2025-10-09T15:54:30.809" /><!-- duration: 0ms -->
          <step title="Copying file: &apos;wwwroot\index.html.gz&apos;" date="2025-10-09T15:54:30.809" /><!-- duration: 0ms -->
          <step title="Copying file: &apos;wwwroot\PoRepoLineTracker.Client.staticwebassets.endpoints.json&apos;" date="2025-10-09T15:54:30.824" /><!-- duration: 0ms -->
          <step title="Copying file: &apos;wwwroot\PoRepoLineTracker.Client.staticwebassets.endpoints.json.br&apos;" date="2025-10-09T15:54:30.824" /><!-- duration: 0ms -->
          <step title="Copying file: &apos;wwwroot\PoRepoLineTracker.Client.staticwebassets.endpoints.json.gz&apos;" date="2025-10-09T15:54:30.840" /><!-- duration: 0ms -->
          <step title="Copying file: &apos;wwwroot\PoRepoLineTracker.Client.styles.css&apos;" date="2025-10-09T15:54:30.840" /><!-- duration: 0ms -->
          <step title="Copying file: &apos;wwwroot\PoRepoLineTracker.Client.styles.css.br&apos;" date="2025-10-09T15:54:30.856" /><!-- duration: 0ms -->
          <step title="Copying file: &apos;wwwroot\PoRepoLineTracker.Client.styles.css.gz&apos;" date="2025-10-09T15:54:30.856" /><!-- duration: 16ms -->
          <step title="Copying file: &apos;wwwroot\css\app.css&apos;" date="2025-10-09T15:54:30.871" /><!-- duration: 0ms -->
          <step title="Copying file: &apos;wwwroot\css\app.css.br&apos;" date="2025-10-09T15:54:30.871" /><!-- duration: 16ms -->
          <step title="Copying file: &apos;wwwroot\css\app.css.gz&apos;" date="2025-10-09T15:54:30.887" /><!-- duration: 0ms -->
          <step title="Copying file: &apos;wwwroot\lib\bootstrap\dist\css\bootstrap-grid.css&apos;" date="2025-10-09T15:54:30.887" /><!-- duration: 0ms -->
          <step title="Copying file: &apos;wwwroot\lib\bootstrap\dist\css\bootstrap-grid.css.br&apos;" date="2025-10-09T15:54:30.902" /><!-- duration: 0ms -->
          <step title="Copying file: &apos;wwwroot\lib\bootstrap\dist\css\bootstrap-grid.css.gz&apos;" date="2025-10-09T15:54:30.902" /><!-- duration: 16ms -->
          <step title="Copying file: &apos;wwwroot\lib\bootstrap\dist\css\bootstrap-grid.css.map&apos;" date="2025-10-09T15:54:30.918" /><!-- duration: 0ms -->
          <step title="Copying file: &apos;wwwroot\lib\bootstrap\dist\css\bootstrap-grid.css.map.br&apos;" date="2025-10-09T15:54:30.918" /><!-- duration: 16ms -->
          <step title="Copying file: &apos;wwwroot\lib\bootstrap\dist\css\bootstrap-grid.css.map.gz&apos;" date="2025-10-09T15:54:30.934" /><!-- duration: 0ms -->
          <step title="Copying file: &apos;wwwroot\lib\bootstrap\dist\css\bootstrap-grid.min.css&apos;" date="2025-10-09T15:54:30.934" /><!-- duration: 16ms -->
          <step title="Copying file: &apos;wwwroot\lib\bootstrap\dist\css\bootstrap-grid.min.css.br&apos;" date="2025-10-09T15:54:30.949" /><!-- duration: 0ms -->
          <step title="Copying file: &apos;wwwroot\lib\bootstrap\dist\css\bootstrap-grid.min.css.gz&apos;" date="2025-10-09T15:54:30.949" /><!-- duration: 16ms -->
          <step title="Copying file: &apos;wwwroot\lib\bootstrap\dist\css\bootstrap-grid.min.css.map&apos;" date="2025-10-09T15:54:30.965" /><!-- duration: 0ms -->
          <step title="Copying file: &apos;wwwroot\lib\bootstrap\dist\css\bootstrap-grid.min.css.map.br&apos;" date="2025-10-09T15:54:30.981" /><!-- duration: 0ms -->
          <step title="Copying file: &apos;wwwroot\lib\bootstrap\dist\css\bootstrap-grid.min.css.map.gz&apos;" date="2025-10-09T15:54:30.981" /><!-- duration: 0ms -->
          <step title="Copying file: &apos;wwwroot\lib\bootstrap\dist\css\bootstrap-grid.rtl.css&apos;" date="2025-10-09T15:54:30.996" /><!-- duration: 0ms -->
          <step title="Copying file: &apos;wwwroot\lib\bootstrap\dist\css\bootstrap-grid.rtl.css.br&apos;" date="2025-10-09T15:54:30.996" /><!-- duration: 0ms -->
          <step title="Copying file: &apos;wwwroot\lib\bootstrap\dist\css\bootstrap-grid.rtl.css.gz&apos;" date="2025-10-09T15:54:30.996" /><!-- duration: 16ms -->
          <step title="Copying file: &apos;wwwroot\lib\bootstrap\dist\css\bootstrap-grid.rtl.css.map&apos;" date="2025-10-09T15:54:31.012" /><!-- duration: 0ms -->
          <step title="Copying file: &apos;wwwroot\lib\bootstrap\dist\css\bootstrap-grid.rtl.css.map.br&apos;" date="2025-10-09T15:54:31.012" /><!-- duration: 16ms -->
          <step title="Copying file: &apos;wwwroot\lib\bootstrap\dist\css\bootstrap-grid.rtl.css.map.gz&apos;" date="2025-10-09T15:54:31.027" /><!-- duration: 0ms -->
          <step title="Omitting next output lines..." date="2025-10-09T15:54:31.027" /><!-- duration: 16ms -->
          <step title="Finished successfully." date="2025-10-09T15:54:39.751" /><!-- duration: 0ms -->
        </step><!-- duration: 9583ms -->
        <step title="Running post deployment command(s)..." date="2025-10-09T15:54:39.798" /><!-- duration: 0ms -->
        <step title="Triggering recycle (preview mode disabled)." date="2025-10-09T15:54:39.829" /><!-- duration: 16ms -->
        <step title="Ignoring FS watcher based recycle request as this is a classic Windows app." date="2025-10-09T15:54:39.845" /><!-- duration: 0ms -->
        <step title="Deployment successful. DEPLOYMENTINFO: deploymentPath = ZipDeploy. Extract zip. , deployer = ZipDeploy, os = windows, sku = Free, siteName = PoRepoLineTracker, siteHostName = porepolinetracker.azurewebsites.net, deploymentStatus = Success" date="2025-10-09T15:54:39.876" /><!-- duration: 16ms -->
      </step><!-- duration: 10005ms -->
    </step><!-- duration: 10192ms -->
    <step title="Cleaning up temp files" date="2025-10-09T15:54:40.017" /><!-- duration: 16ms -->
    <step title="Skip function trigger and logicapp sync because function is not enabled." date="2025-10-09T15:54:40.032" /><!-- duration: 0ms -->
  </step><!-- duration: 13505ms -->
  <step title="LockFile &apos;C:\home\site\locks\deployments.lock&apos; released" date="2025-10-09T15:54:40.079" /><!-- duration: 0ms -->
  <step title="Deleting shutdown sentinel file" date="2025-10-09T15:54:40.111" SemaphoreCount="8" /><!-- duration: 0ms -->
</step><!-- duration: 13630ms -->
