<step title="Incoming Request" date="2025-10-09T15:56:23.675" instance="92ca53" url="/api/zipdeploy?isAsync=true" method="POST" type="request" pid="8252,2,30" Content-Length="94286486" Content-Type="application/octet-stream" Accept="application/json" Accept-Encoding="gzip" Authorization="Bea..." Host="porepolinetracker.scm.azurewebsites.net" User-Agent="azsdk-go-zip-deploy/1.0.0 (go1.25.0 X:loopvar; linux),azdev/1.20.0 (Go go1.25.0 X:loopvar; linux/amd64) GhActions" X-Ms-Correlation-Request-Id="4bba17d23779fda1c4dcb52161365b66" X-ARR-LOG-ID="4bba17d2-3779-fda1-c4dc-b52161365b66" CLIENT-IP="64.236.131.242:60416" X-SITE-DEPLOYMENT-ID="PoRepoLineTracker" WAS-DEFAULT-HOSTNAME="porepolinetracker.scm.azurewebsites.net" X-Forwarded-Proto="https" X-AppService-Proto="https" X-Forwarded-TlsVersion="1.3" X-WAWS-Unencoded-URL="/api/zipdeploy?isAsync=true" >
  <step title="Cleanup Xml Logs" date="2025-10-09T15:56:23.675" /><!-- duration: 16ms -->
  <step title="ZipPushDeploy" date="2025-10-09T15:56:23.707" >
    <step title="ZipDeploy. Extract zip. " date="2025-10-09T15:56:23.707" /><!-- duration: 0ms -->
    <step title="Starting PushDeployAsync" date="2025-10-09T15:56:23.722" /><!-- duration: 0ms -->
    <step title="Updating shutdown sentinel last write time" date="2025-10-09T15:56:23.722" SemaphoreCount="7" /><!-- duration: 16ms -->
    <step title="LockFile &apos;C:\home\site\locks\deployments.lock&apos; acquired" date="2025-10-09T15:56:23.753" /><!-- duration: 0ms -->
    <step title="Saving request content to C:\local\Temp\zipdeploy\qknepge2.zip" date="2025-10-09T15:56:23.753" >
      <step title="Total 94,286,486 bytes written to C:\local\Temp\zipdeploy\qknepge2.zip" date="2025-10-09T15:56:24.378" /><!-- duration: 0ms -->
    </step><!-- duration: 625ms -->
    <step title="LockFile &apos;C:\home\site\locks\deployments.lock&apos; released" date="2025-10-09T15:56:24.394" /><!-- duration: 16ms -->
    <step title="Deleting shutdown sentinel file" date="2025-10-09T15:56:24.410" SemaphoreCount="8" /><!-- duration: 0ms -->
    <step title="Starting FetchDeploy" date="2025-10-09T15:56:24.410" /><!-- duration: 16ms -->
    <step title="Start deployment in the background" date="2025-10-09T15:56:24.425" /><!-- duration: 47ms -->
  </step><!-- duration: 766ms -->
  <step title="Outgoing response" date="2025-10-09T15:56:24.472" type="response" statusCode="202" statusText="Accepted" Server="Microsoft-IIS/10.0" x-ms-request-id="4bba17d2-3779-fda1-c4dc-b52161365b66" Retry-After="30" Cache-Control="private" X-AspNet-Version="4.0.30319" Location="https://porepolinetracker.scm.azurewebsites.net/api/deployments/latest?deployer=ZipDeploy&amp;time=2025-10-09_15-56-24Z" /><!-- duration: 0ms -->
</step><!-- duration: 812ms -->
