<step title="Incoming Request" date="2025-10-09T18:01:58.021" instance="92ca53" url="/api/zipdeploy?isAsync=true" method="POST" type="request" pid="6360,2,8" Content-Length="94292843" Content-Type="application/octet-stream" Accept="application/json" Accept-Encoding="gzip" Authorization="Bea..." Host="porepolinetracker.scm.azurewebsites.net" User-Agent="azsdk-go-zip-deploy/1.0.0 (go1.25.0 X:loopvar; linux),azdev/1.20.0 (Go go1.25.0 X:loopvar; linux/amd64) GhActions" X-Ms-Correlation-Request-Id="22dc30b238c83996a0777b62d94f24c6" X-ARR-LOG-ID="22dc30b2-38c8-3996-a077-7b62d94f24c6" CLIENT-IP="172.214.44.5:57384" X-SITE-DEPLOYMENT-ID="PoRepoLineTracker" WAS-DEFAULT-HOSTNAME="porepolinetracker.scm.azurewebsites.net" X-Forwarded-Proto="https" X-AppService-Proto="https" X-Forwarded-TlsVersion="1.3" X-WAWS-Unencoded-URL="/api/zipdeploy?isAsync=true" >
  <step title="ZipPushDeploy" date="2025-10-09T18:01:58.255" >
    <step title="ZipDeploy. Extract zip. " date="2025-10-09T18:01:58.286" /><!-- duration: 0ms -->
    <step title="Starting PushDeployAsync" date="2025-10-09T18:01:58.286" /><!-- duration: 0ms -->
    <step title="Updating shutdown sentinel last write time" date="2025-10-09T18:01:58.318" SemaphoreCount="7" /><!-- duration: 0ms -->
    <step title="LockFile &apos;C:\home\site\locks\deployments.lock&apos; acquired" date="2025-10-09T18:01:58.318" /><!-- duration: 0ms -->
    <step title="Saving request content to C:\local\Temp\zipdeploy\4y3sb5yl.zip" date="2025-10-09T18:01:58.333" >
      <step title="Total 94,292,843 bytes written to C:\local\Temp\zipdeploy\4y3sb5yl.zip" date="2025-10-09T18:01:58.833" /><!-- duration: 0ms -->
    </step><!-- duration: 516ms -->
    <step title="LockFile &apos;C:\home\site\locks\deployments.lock&apos; released" date="2025-10-09T18:01:58.849" /><!-- duration: 0ms -->
    <step title="Deleting shutdown sentinel file" date="2025-10-09T18:01:58.864" SemaphoreCount="8" /><!-- duration: 0ms -->
    <step title="Starting FetchDeploy" date="2025-10-09T18:01:58.880" /><!-- duration: 0ms -->
    <step title="Start deployment in the background" date="2025-10-09T18:01:58.880" /><!-- duration: 62ms -->
  </step><!-- duration: 687ms -->
  <step title="Outgoing response" date="2025-10-09T18:01:58.958" type="response" statusCode="202" statusText="Accepted" Server="Microsoft-IIS/10.0" x-ms-request-id="22dc30b2-38c8-3996-a077-7b62d94f24c6" Retry-After="30" Cache-Control="private" X-AspNet-Version="4.0.30319" Location="https://porepolinetracker.scm.azurewebsites.net/api/deployments/latest?deployer=ZipDeploy&amp;time=2025-10-09_18-01-58Z" /><!-- duration: 0ms -->
</step><!-- duration: 938ms -->
