<step title="Incoming Request" date="2025-10-09T15:54:24.978" instance="92ca53" url="/api/zipdeploy?isAsync=true" method="POST" type="request" pid="8252,2,8" Content-Length="94286535" Content-Type="application/octet-stream" Accept="application/json" Accept-Encoding="gzip" Authorization="Bea..." Host="porepolinetracker.scm.azurewebsites.net" User-Agent="azsdk-go-zip-deploy/1.0.0 (go1.25.0 X:loopvar; linux),azdev/1.20.0 (Go go1.25.0 X:loopvar; linux/amd64) GhActions" X-Ms-Correlation-Request-Id="90ab55d35bfd4f81808b0d61a422e827" X-ARR-LOG-ID="90ab55d3-5bfd-4f81-808b-0d61a422e827" CLIENT-IP="40.116.73.178:23552" X-SITE-DEPLOYMENT-ID="PoRepoLineTracker" WAS-DEFAULT-HOSTNAME="porepolinetracker.scm.azurewebsites.net" X-Forwarded-Proto="https" X-AppService-Proto="https" X-Forwarded-TlsVersion="1.3" X-WAWS-Unencoded-URL="/api/zipdeploy?isAsync=true" >
  <step title="ZipPushDeploy" date="2025-10-09T15:54:25.275" >
    <step title="ZipDeploy. Extract zip. " date="2025-10-09T15:54:25.290" /><!-- duration: 31ms -->
    <step title="Starting PushDeployAsync" date="2025-10-09T15:54:25.321" /><!-- duration: 16ms -->
    <step title="Updating shutdown sentinel last write time" date="2025-10-09T15:54:25.384" SemaphoreCount="7" /><!-- duration: 0ms -->
    <step title="LockFile &apos;C:\home\site\locks\deployments.lock&apos; acquired" date="2025-10-09T15:54:25.400" /><!-- duration: 0ms -->
    <step title="Saving request content to C:\local\Temp\zipdeploy\g4bqegyi.zip" date="2025-10-09T15:54:25.400" >
      <step title="Total 94,286,535 bytes written to C:\local\Temp\zipdeploy\g4bqegyi.zip" date="2025-10-09T15:54:26.434" /><!-- duration: 0ms -->
    </step><!-- duration: 1050ms -->
    <step title="LockFile &apos;C:\home\site\locks\deployments.lock&apos; released" date="2025-10-09T15:54:26.449" /><!-- duration: 0ms -->
    <step title="Deleting shutdown sentinel file" date="2025-10-09T15:54:26.465" SemaphoreCount="8" /><!-- duration: 0ms -->
    <step title="Starting FetchDeploy" date="2025-10-09T15:54:26.465" /><!-- duration: 0ms -->
    <step title="Start deployment in the background" date="2025-10-09T15:54:26.481" /><!-- duration: 63ms -->
  </step><!-- duration: 1284ms -->
  <step title="Outgoing response" date="2025-10-09T15:54:26.606" type="response" statusCode="202" statusText="Accepted" Server="Microsoft-IIS/10.0" x-ms-request-id="90ab55d3-5bfd-4f81-808b-0d61a422e827" Retry-After="30" Cache-Control="private" X-AspNet-Version="4.0.30319" Location="https://porepolinetracker.scm.azurewebsites.net/api/deployments/latest?deployer=ZipDeploy&amp;time=2025-10-09_15-54-26Z" /><!-- duration: 0ms -->
</step><!-- duration: 1628ms -->
