<step title="BackgroundTrace" date="2025-10-09T03:12:48.580" instance="92ca53" url="/api/zipdeploy" method="POST" >
  <step title="Updating shutdown sentinel last write time" date="2025-10-09T03:12:48.580" SemaphoreCount="7" /><!-- duration: 16ms -->
  <step title="LockFile &apos;C:\home\site\locks\deployments.lock&apos; acquired" date="2025-10-09T03:12:48.595" /><!-- duration: 0ms -->
  <step title="Creating temporary deployment" date="2025-10-09T03:12:48.611" /><!-- duration: 47ms -->
  <step title="Performing fetch based deployment" date="2025-10-09T03:12:48.658" >
    <step title="Fetching changes." date="2025-10-09T03:12:48.720" /><!-- duration: 16ms -->
    <step title="Starting LocalZipHandler" date="2025-10-09T03:12:48.736" /><!-- duration: 16ms -->
    <step title="Cleaning up temp folders from previous zip deployments and extracting pushed zip file C:\local\Temp\zipdeploy\oxbfeh5a.zip (89.92 MB) to C:\local\Temp\zipdeploy\extracted" date="2025-10-09T03:12:48.783" /><!-- duration: 16ms -->
    <step title="Cleaning up temp folders from previous zip deployments and extracting pushed zip file C:\local\Temp\zipdeploy\oxbfeh5a.zip (89.92 MB) to C:\local\Temp\zipdeploy\extracted" date="2025-10-09T03:12:48.798" >
      <step title="Extracting 1614 entries to C:\local\Temp\zipdeploy\extracted directory" date="2025-10-09T03:12:48.830" >
        <step title="Extracting to C:\local\Temp\zipdeploy\extracted\Azure.Core.dll ..." date="2025-10-09T03:12:48.830" /><!-- duration: 31ms -->
        <step title="Extracting to C:\local\Temp\zipdeploy\extracted\Azure.Data.Tables.dll ..." date="2025-10-09T03:12:48.861" /><!-- duration: 16ms -->
        <step title="Extracting to C:\local\Temp\zipdeploy\extracted\BlazorDebugProxy\BrowserDebugHost.dll ..." date="2025-10-09T03:12:48.892" /><!-- duration: 0ms -->
        <step title="Extracting to C:\local\Temp\zipdeploy\extracted\BlazorDebugProxy\BrowserDebugHost.runtimeconfig.json ..." date="2025-10-09T03:12:48.908" /><!-- duration: 0ms -->
        <step title="Extracting to C:\local\Temp\zipdeploy\extracted\BlazorDebugProxy\BrowserDebugProxy.dll ..." date="2025-10-09T03:12:48.908" /><!-- duration: 16ms -->
        <step title="Omitting extracting file traces ..." date="2025-10-09T03:12:48.923" /><!-- duration: 16ms -->
        <step title="Extracting to C:\local\Temp\zipdeploy\extracted\wwwroot\wwwroot\wwwroot\lib\bootstrap\dist\js\bootstrap.min.js.map.br ..." date="2025-10-09T03:12:52.033" /><!-- duration: 0ms -->
        <step title="Extracting to C:\local\Temp\zipdeploy\extracted\wwwroot\wwwroot\wwwroot\lib\bootstrap\dist\js\bootstrap.min.js.map.gz ..." date="2025-10-09T03:12:52.033" /><!-- duration: 16ms -->
        <step title="Extracting to C:\local\Temp\zipdeploy\extracted\wwwroot\wwwroot\wwwroot\sample-data\weather.json ..." date="2025-10-09T03:12:52.048" /><!-- duration: 0ms -->
        <step title="Extracting to C:\local\Temp\zipdeploy\extracted\wwwroot\wwwroot\wwwroot\sample-data\weather.json.br ..." date="2025-10-09T03:12:52.064" /><!-- duration: 0ms -->
        <step title="Extracting to C:\local\Temp\zipdeploy\extracted\wwwroot\wwwroot\wwwroot\sample-data\weather.json.gz ..." date="2025-10-09T03:12:52.064" /><!-- duration: 16ms -->
      </step><!-- duration: 3250ms -->
    </step><!-- duration: 3281ms -->
    <step title="Before sending BuildRequestReceived status to /api/updatedeploystatus" date="2025-10-09T03:12:52.095" /><!-- duration: 0ms -->
    <step title="DeploymentManager.Deploy(id:afd8b11e9ade490b8d3e09cffe69968d)" date="2025-10-09T03:12:52.095" >
      <step title="Collecting changeset information" date="2025-10-09T03:12:52.111" /><!-- duration: 31ms -->
      <step title="Updating submodules" date="2025-10-09T03:12:52.158" >
        <step title="Updating submodules." date="2025-10-09T03:12:52.189" /><!-- duration: 0ms -->
      </step><!-- duration: 31ms -->
      <step title="Preparing deployment for commit id &apos;afd8b11e9a&apos;." date="2025-10-09T03:12:52.220" /><!-- duration: 16ms -->
      <step title="Determining deployment builder" date="2025-10-09T03:12:52.283" >
        <step title="Builder is BasicBuilder" date="2025-10-09T03:12:52.283" /><!-- duration: 0ms -->
      </step><!-- duration: 16ms -->
      <step title="Copying SSH keys" date="2025-10-09T03:12:52.314" /><!-- duration: 0ms -->
      <step title="Building" date="2025-10-09T03:12:52.314" >
        <step title="Generating deployment script." date="2025-10-09T03:12:52.345" /><!-- duration: 0ms -->
        <step title="Generating deployment script" date="2025-10-09T03:12:52.361" >
          <step title="Using the following command to generate deployment script: &apos;azure site deploymentscript -y --no-dot-deployment -r &quot;C:\local\Temp\zipdeploy\extracted&quot; -o &quot;C:\home\site\deployments\tools&quot; --basic --sitePath &quot;C:\local\Temp\zipdeploy\extracted&quot;&apos;." date="2025-10-09T03:12:52.408" /><!-- duration: 0ms -->
          <step title="Executing external process" date="2025-10-09T03:12:52.408" type="process" path="starter.cmd" arguments="&quot;C:\Program Files (x86)\SiteExtensions\Kudu\2025.09.1.1\bin\node_modules\.bin\kuduscript.cmd&quot; -y --no-dot-deployment -r &quot;C:\local\Temp\zipdeploy\extracted&quot; -o &quot;C:\home\site\deployments\tools&quot; --basic --sitePath &quot;C:\local\Temp\zipdeploy\extracted&quot;" >
            <step title="Generating deployment script for Web Site" date="2025-10-09T03:12:52.580" /><!-- duration: 0ms -->
            <step title="Generated deployment script files" date="2025-10-09T03:12:52.595" /><!-- duration: 0ms -->
          </step><!-- duration: 188ms -->
          <step title="Saved cached version of the deployment script for command -y --no-dot-deployment -r &quot;C:\local\Temp\zipdeploy\extracted&quot; -o &quot;C:\home\site\deployments\tools&quot; --basic --sitePath &quot;C:\local\Temp\zipdeploy\extracted&quot;" date="2025-10-09T03:12:52.611" /><!-- duration: 0ms -->
        </step><!-- duration: 266ms -->
        <step title="Running deployment command..." date="2025-10-09T03:12:52.674" /><!-- duration: 0ms -->
        <step title="Command: &quot;C:\home\site\deployments\tools\deploy.cmd&quot;" date="2025-10-09T03:12:52.674" /><!-- duration: 16ms -->
        <step title="Executing external process" date="2025-10-09T03:12:52.689" type="process" path="starter.cmd" arguments="&quot;C:\home\site\deployments\tools\deploy.cmd&quot;" >
          <step title="Handling Basic Web Site deployment." date="2025-10-09T03:12:52.830" /><!-- duration: 0ms -->
          <step title="Creating app_offline.htm" date="2025-10-09T03:12:53.095" /><!-- duration: 0ms -->
          <step title="KuduSync.NET from: &apos;C:\local\Temp\zipdeploy\extracted&apos; to: &apos;C:\home\site\wwwroot&apos;" date="2025-10-09T03:12:53.111" /><!-- duration: 0ms -->
          <step title="Deleting file: &apos;hostingstart.html&apos;" date="2025-10-09T03:12:53.127" /><!-- duration: 0ms -->
          <step title="Copying file: &apos;appsettings.Development.json&apos;" date="2025-10-09T03:12:53.127" /><!-- duration: 16ms -->
          <step title="Copying file: &apos;appsettings.json&apos;" date="2025-10-09T03:12:53.142" /><!-- duration: 0ms -->
          <step title="Copying file: &apos;Azure.Core.dll&apos;" date="2025-10-09T03:12:53.158" /><!-- duration: 0ms -->
          <step title="Copying file: &apos;Azure.Data.Tables.dll&apos;" date="2025-10-09T03:12:53.158" /><!-- duration: 16ms -->
          <step title="Copying file: &apos;LibGit2Sharp.dll&apos;" date="2025-10-09T03:12:53.174" /><!-- duration: 0ms -->
          <step title="Copying file: &apos;MediatR.Contracts.dll&apos;" date="2025-10-09T03:12:53.189" /><!-- duration: 0ms -->
          <step title="Copying file: &apos;MediatR.dll&apos;" date="2025-10-09T03:12:53.189" /><!-- duration: 0ms -->
          <step title="Copying file: &apos;Microsoft.AI.DependencyCollector.dll&apos;" date="2025-10-09T03:12:53.205" /><!-- duration: 0ms -->
          <step title="Copying file: &apos;Microsoft.AI.EventCounterCollector.dll&apos;" date="2025-10-09T03:12:53.205" /><!-- duration: 16ms -->
          <step title="Copying file: &apos;Microsoft.AI.PerfCounterCollector.dll&apos;" date="2025-10-09T03:12:53.220" /><!-- duration: 0ms -->
          <step title="Copying file: &apos;Microsoft.AI.ServerTelemetryChannel.dll&apos;" date="2025-10-09T03:12:53.236" /><!-- duration: 0ms -->
          <step title="Copying file: &apos;Microsoft.AI.WindowsServer.dll&apos;" date="2025-10-09T03:12:53.236" /><!-- duration: 16ms -->
          <step title="Copying file: &apos;Microsoft.ApplicationInsights.AspNetCore.dll&apos;" date="2025-10-09T03:12:53.252" /><!-- duration: 0ms -->
          <step title="Copying file: &apos;Microsoft.ApplicationInsights.dll&apos;" date="2025-10-09T03:12:53.267" /><!-- duration: 0ms -->
          <step title="Copying file: &apos;Microsoft.AspNetCore.Authorization.dll&apos;" date="2025-10-09T03:12:53.267" /><!-- duration: 0ms -->
          <step title="Copying file: &apos;Microsoft.AspNetCore.Components.dll&apos;" date="2025-10-09T03:12:53.283" /><!-- duration: 0ms -->
          <step title="Copying file: &apos;Microsoft.AspNetCore.Components.Forms.dll&apos;" date="2025-10-09T03:12:53.299" /><!-- duration: 0ms -->
          <step title="Copying file: &apos;Microsoft.AspNetCore.Components.Web.dll&apos;" date="2025-10-09T03:12:53.299" /><!-- duration: 0ms -->
          <step title="Copying file: &apos;Microsoft.AspNetCore.Components.WebAssembly.dll&apos;" date="2025-10-09T03:12:53.314" /><!-- duration: 0ms -->
          <step title="Copying file: &apos;Microsoft.AspNetCore.Components.WebAssembly.Server.dll&apos;" date="2025-10-09T03:12:53.314" /><!-- duration: 16ms -->
          <step title="Copying file: &apos;Microsoft.AspNetCore.Metadata.dll&apos;" date="2025-10-09T03:12:53.330" /><!-- duration: 0ms -->
          <step title="Copying file: &apos;Microsoft.AspNetCore.OpenApi.dll&apos;" date="2025-10-09T03:12:53.345" /><!-- duration: 0ms -->
          <step title="Copying file: &apos;Microsoft.Bcl.AsyncInterfaces.dll&apos;" date="2025-10-09T03:12:53.345" /><!-- duration: 16ms -->
          <step title="Copying file: &apos;Microsoft.Extensions.AmbientMetadata.Application.dll&apos;" date="2025-10-09T03:12:53.361" /><!-- duration: 0ms -->
          <step title="Copying file: &apos;Microsoft.Extensions.Compliance.Abstractions.dll&apos;" date="2025-10-09T03:12:53.377" /><!-- duration: 0ms -->
          <step title="Copying file: &apos;Microsoft.Extensions.Configuration.Abstractions.dll&apos;" date="2025-10-09T03:12:53.392" /><!-- duration: 0ms -->
          <step title="Copying file: &apos;Microsoft.Extensions.Configuration.Binder.dll&apos;" date="2025-10-09T03:12:53.392" /><!-- duration: 16ms -->
          <step title="Copying file: &apos;Microsoft.Extensions.Configuration.dll&apos;" date="2025-10-09T03:12:53.408" /><!-- duration: 0ms -->
          <step title="Copying file: &apos;Microsoft.Extensions.Configuration.FileExtensions.dll&apos;" date="2025-10-09T03:12:53.424" /><!-- duration: 0ms -->
          <step title="Copying file: &apos;Microsoft.Extensions.Configuration.Json.dll&apos;" date="2025-10-09T03:12:53.424" /><!-- duration: 16ms -->
          <step title="Copying file: &apos;Microsoft.Extensions.DependencyInjection.Abstractions.dll&apos;" date="2025-10-09T03:12:53.439" /><!-- duration: 0ms -->
          <step title="Copying file: &apos;Microsoft.Extensions.DependencyInjection.AutoActivation.dll&apos;" date="2025-10-09T03:12:53.455" /><!-- duration: 0ms -->
          <step title="Copying file: &apos;Microsoft.Extensions.DependencyInjection.dll&apos;" date="2025-10-09T03:12:53.455" /><!-- duration: 0ms -->
          <step title="Copying file: &apos;Microsoft.Extensions.DependencyModel.dll&apos;" date="2025-10-09T03:12:53.470" /><!-- duration: 0ms -->
          <step title="Copying file: &apos;Microsoft.Extensions.Diagnostics.Abstractions.dll&apos;" date="2025-10-09T03:12:53.486" /><!-- duration: 0ms -->
          <step title="Copying file: &apos;Microsoft.Extensions.Diagnostics.dll&apos;" date="2025-10-09T03:12:53.502" /><!-- duration: 0ms -->
          <step title="Copying file: &apos;Microsoft.Extensions.Diagnostics.ExceptionSummarization.dll&apos;" date="2025-10-09T03:12:53.502" /><!-- duration: 0ms -->
          <step title="Copying file: &apos;Microsoft.Extensions.Diagnostics.HealthChecks.Abstractions.dll&apos;" date="2025-10-09T03:12:53.517" /><!-- duration: 0ms -->
          <step title="Copying file: &apos;Microsoft.Extensions.Diagnostics.HealthChecks.dll&apos;" date="2025-10-09T03:12:53.517" /><!-- duration: 16ms -->
          <step title="Copying file: &apos;Microsoft.Extensions.FileProviders.Abstractions.dll&apos;" date="2025-10-09T03:12:53.533" /><!-- duration: 0ms -->
          <step title="Copying file: &apos;Microsoft.Extensions.FileProviders.Physical.dll&apos;" date="2025-10-09T03:12:53.549" /><!-- duration: 0ms -->
          <step title="Copying file: &apos;Microsoft.Extensions.FileSystemGlobbing.dll&apos;" date="2025-10-09T03:12:53.549" /><!-- duration: 16ms -->
          <step title="Copying file: &apos;Microsoft.Extensions.Hosting.Abstractions.dll&apos;" date="2025-10-09T03:12:53.564" /><!-- duration: 0ms -->
          <step title="Copying file: &apos;Microsoft.Extensions.Http.Diagnostics.dll&apos;" date="2025-10-09T03:12:53.580" /><!-- duration: 0ms -->
          <step title="Copying file: &apos;Microsoft.Extensions.Http.dll&apos;" date="2025-10-09T03:12:53.580" /><!-- duration: 0ms -->
          <step title="Copying file: &apos;Microsoft.Extensions.Http.Resilience.dll&apos;" date="2025-10-09T03:12:53.595" /><!-- duration: 0ms -->
          <step title="Copying file: &apos;Microsoft.Extensions.Logging.Abstractions.dll&apos;" date="2025-10-09T03:12:53.595" /><!-- duration: 16ms -->
          <step title="Omitting next output lines..." date="2025-10-09T03:12:53.611" /><!-- duration: 16ms -->
          <step title="Finished successfully." date="2025-10-09T03:13:06.782" /><!-- duration: 0ms -->
        </step><!-- duration: 14109ms -->
        <step title="Running post deployment command(s)..." date="2025-10-09T03:13:06.829" /><!-- duration: 16ms -->
        <step title="Triggering recycle (preview mode disabled)." date="2025-10-09T03:13:06.892" /><!-- duration: 0ms -->
        <step title="Ignoring FS watcher based recycle request as this is a classic Windows app." date="2025-10-09T03:13:06.907" /><!-- duration: 0ms -->
        <step title="Deployment successful. DEPLOYMENTINFO: deploymentPath = ZipDeploy. Extract zip. , deployer = ZipDeploy, os = windows, sku = Free, siteName = PoRepoLineTracker, siteHostName = porepolinetracker.azurewebsites.net, deploymentStatus = Success" date="2025-10-09T03:13:06.954" /><!-- duration: 0ms -->
      </step><!-- duration: 14751ms -->
    </step><!-- duration: 14985ms -->
    <step title="Cleaning up temp files" date="2025-10-09T03:13:07.080" /><!-- duration: 16ms -->
    <step title="Skip function trigger and logicapp sync because function is not enabled." date="2025-10-09T03:13:07.096" /><!-- duration: 16ms -->
  </step><!-- duration: 18501ms -->
  <step title="LockFile &apos;C:\home\site\locks\deployments.lock&apos; released" date="2025-10-09T03:13:07.158" /><!-- duration: 0ms -->
  <step title="Deleting shutdown sentinel file" date="2025-10-09T03:13:07.174" SemaphoreCount="8" /><!-- duration: 0ms -->
</step><!-- duration: 18610ms -->
