<step title="Incoming Request" date="2025-10-09T03:12:46.017" instance="92ca53" url="/api/zipdeploy?isAsync=true" method="POST" type="request" pid="32,2,8" Content-Length="94286459" Content-Type="application/octet-stream" Accept="application/json" Accept-Encoding="gzip" Authorization="Bea..." Host="porepolinetracker.scm.azurewebsites.net" User-Agent="azsdk-go-zip-deploy/1.0.0 (go1.25.0 X:loopvar; linux),azdev/1.19.0 (Go go1.25.0 X:loopvar; linux/amd64) GhActions" X-Ms-Correlation-Request-Id="6cbeb354b9a04fcd8b0e472dad0e1764" X-ARR-LOG-ID="6cbeb354-b9a0-4fcd-8b0e-472dad0e1764" CLIENT-IP="104.209.12.66:23488" X-SITE-DEPLOYMENT-ID="PoRepoLineTracker" WAS-DEFAULT-HOSTNAME="porepolinetracker.scm.azurewebsites.net" X-Forwarded-Proto="https" X-AppService-Proto="https" X-Forwarded-TlsVersion="1.3" X-WAWS-Unencoded-URL="/api/zipdeploy?isAsync=true" >
  <step title="ZipPushDeploy" date="2025-10-09T03:12:46.314" >
    <step title="ZipDeploy. Extract zip. " date="2025-10-09T03:12:46.345" /><!-- duration: 0ms -->
    <step title="Starting PushDeployAsync" date="2025-10-09T03:12:46.361" /><!-- duration: 0ms -->
    <step title="Updating shutdown sentinel last write time" date="2025-10-09T03:12:46.408" SemaphoreCount="7" /><!-- duration: 16ms -->
    <step title="LockFile &apos;C:\home\site\locks\deployments.lock&apos; acquired" date="2025-10-09T03:12:46.423" /><!-- duration: 0ms -->
    <step title="Saving request content to C:\local\Temp\zipdeploy\oxbfeh5a.zip" date="2025-10-09T03:12:46.439" >
      <step title="Total 94,286,459 bytes written to C:\local\Temp\zipdeploy\oxbfeh5a.zip" date="2025-10-09T03:12:48.517" /><!-- duration: 0ms -->
    </step><!-- duration: 2094ms -->
    <step title="LockFile &apos;C:\home\site\locks\deployments.lock&apos; released" date="2025-10-09T03:12:48.533" /><!-- duration: 0ms -->
    <step title="Deleting shutdown sentinel file" date="2025-10-09T03:12:48.548" SemaphoreCount="8" /><!-- duration: 0ms -->
    <step title="Starting FetchDeploy" date="2025-10-09T03:12:48.564" /><!-- duration: 0ms -->
    <step title="Start deployment in the background" date="2025-10-09T03:12:48.564" /><!-- duration: 94ms -->
  </step><!-- duration: 2359ms -->
  <step title="Outgoing response" date="2025-10-09T03:12:48.705" type="response" statusCode="202" statusText="Accepted" Server="Microsoft-IIS/10.0" x-ms-request-id="6cbeb354-b9a0-4fcd-8b0e-472dad0e1764" Retry-After="30" Cache-Control="private" X-AspNet-Version="4.0.30319" Location="https://porepolinetracker.scm.azurewebsites.net/api/deployments/latest?deployer=ZipDeploy&amp;time=2025-10-09_03-12-48Z" /><!-- duration: 0ms -->
</step><!-- duration: 2687ms -->
