<step title="Incoming Request" date="2025-10-09T15:50:17.505" instance="92ca53" url="/api/zipdeploy?isAsync=true" method="POST" type="request" pid="7612,2,8" Content-Length="94286354" Content-Type="application/octet-stream" Accept="application/json" Accept-Encoding="gzip" Authorization="Bea..." Host="porepolinetracker.scm.azurewebsites.net" User-Agent="azsdk-go-zip-deploy/1.0.0 (go1.25.0 X:loopvar; linux),azdev/1.20.0 (Go go1.25.0 X:loopvar; linux/amd64) GhActions" X-Ms-Correlation-Request-Id="f11e064519c809353439dea5d0a27d90" X-ARR-LOG-ID="f11e0645-19c8-0935-3439-dea5d0a27d90" CLIENT-IP="68.220.62.181:2088" X-SITE-DEPLOYMENT-ID="PoRepoLineTracker" WAS-DEFAULT-HOSTNAME="porepolinetracker.scm.azurewebsites.net" X-Forwarded-Proto="https" X-AppService-Proto="https" X-Forwarded-TlsVersion="1.3" X-WAWS-Unencoded-URL="/api/zipdeploy?isAsync=true" >
  <step title="ZipPushDeploy" date="2025-10-09T15:50:18.068" >
    <step title="ZipDeploy. Extract zip. " date="2025-10-09T15:50:18.083" /><!-- duration: 16ms -->
    <step title="Starting PushDeployAsync" date="2025-10-09T15:50:18.099" /><!-- duration: 0ms -->
    <step title="Updating shutdown sentinel last write time" date="2025-10-09T15:50:18.161" SemaphoreCount="7" /><!-- duration: 0ms -->
    <step title="LockFile &apos;C:\home\site\locks\deployments.lock&apos; acquired" date="2025-10-09T15:50:18.161" /><!-- duration: 0ms -->
    <step title="Saving request content to C:\local\Temp\zipdeploy\mvijnsys.zip" date="2025-10-09T15:50:18.177" >
      <step title="Total 94,286,354 bytes written to C:\local\Temp\zipdeploy\mvijnsys.zip" date="2025-10-09T15:50:20.036" /><!-- duration: 0ms -->
    </step><!-- duration: 1875ms -->
    <step title="LockFile &apos;C:\home\site\locks\deployments.lock&apos; released" date="2025-10-09T15:50:20.052" /><!-- duration: 0ms -->
    <step title="Deleting shutdown sentinel file" date="2025-10-09T15:50:20.068" SemaphoreCount="8" /><!-- duration: 0ms -->
    <step title="Starting FetchDeploy" date="2025-10-09T15:50:20.068" /><!-- duration: 16ms -->
    <step title="Start deployment in the background" date="2025-10-09T15:50:20.083" /><!-- duration: 78ms -->
  </step><!-- duration: 2094ms -->
  <step title="Outgoing response" date="2025-10-09T15:50:20.193" type="response" statusCode="202" statusText="Accepted" Server="Microsoft-IIS/10.0" x-ms-request-id="f11e0645-19c8-0935-3439-dea5d0a27d90" Retry-After="30" Cache-Control="private" X-AspNet-Version="4.0.30319" Location="https://porepolinetracker.scm.azurewebsites.net/api/deployments/latest?deployer=ZipDeploy&amp;time=2025-10-09_15-50-20Z" /><!-- duration: 16ms -->
</step><!-- duration: 2703ms -->
