<step title="BackgroundTrace" date="2025-10-09T18:01:58.880" instance="92ca53" url="/api/zipdeploy" method="POST" >
  <step title="Updating shutdown sentinel last write time" date="2025-10-09T18:01:58.896" SemaphoreCount="7" /><!-- duration: 0ms -->
  <step title="LockFile &apos;C:\home\site\locks\deployments.lock&apos; acquired" date="2025-10-09T18:01:58.896" /><!-- duration: 16ms -->
  <step title="Creating temporary deployment" date="2025-10-09T18:01:58.911" /><!-- duration: 16ms -->
  <step title="Performing fetch based deployment" date="2025-10-09T18:01:58.943" >
    <step title="Fetching changes." date="2025-10-09T18:01:58.989" /><!-- duration: 16ms -->
    <step title="Starting LocalZipHandler" date="2025-10-09T18:01:59.005" /><!-- duration: 0ms -->
    <step title="Cleaning up temp folders from previous zip deployments and extracting pushed zip file C:\local\Temp\zipdeploy\4y3sb5yl.zip (89.92 MB) to C:\local\Temp\zipdeploy\extracted" date="2025-10-09T18:01:59.052" /><!-- duration: 0ms -->
    <step title="Cleaning up temp folders from previous zip deployments and extracting pushed zip file C:\local\Temp\zipdeploy\4y3sb5yl.zip (89.92 MB) to C:\local\Temp\zipdeploy\extracted" date="2025-10-09T18:01:59.052" >
      <step title="Renaming extractTargetDirectory(C:\local\Temp\zipdeploy\extracted) to tempDirectory(C:\local\Temp\zipdeploy\ws4vqds4.mzm)" date="2025-10-09T18:01:59.052" /><!-- duration: 16ms -->
      <step title="Extracting 1614 entries to C:\local\Temp\zipdeploy\extracted directory" date="2025-10-09T18:01:59.099" >
        <step title="Extracting to C:\local\Temp\zipdeploy\extracted\Azure.Core.dll ..." date="2025-10-09T18:01:59.114" /><!-- duration: 16ms -->
        <step title="Extracting to C:\local\Temp\zipdeploy\extracted\Azure.Data.Tables.dll ..." date="2025-10-09T18:01:59.130" /><!-- duration: 0ms -->
        <step title="Extracting to C:\local\Temp\zipdeploy\extracted\BlazorDebugProxy\BrowserDebugHost.dll ..." date="2025-10-09T18:01:59.146" /><!-- duration: 0ms -->
        <step title="Extracting to C:\local\Temp\zipdeploy\extracted\BlazorDebugProxy\BrowserDebugHost.runtimeconfig.json ..." date="2025-10-09T18:01:59.146" /><!-- duration: 16ms -->
        <step title="Extracting to C:\local\Temp\zipdeploy\extracted\BlazorDebugProxy\BrowserDebugProxy.dll ..." date="2025-10-09T18:01:59.161" /><!-- duration: 16ms -->
        <step title="Omitting extracting file traces ..." date="2025-10-09T18:01:59.177" /><!-- duration: 0ms -->
        <step title="Extracting to C:\local\Temp\zipdeploy\extracted\wwwroot\wwwroot\wwwroot\lib\bootstrap\dist\js\bootstrap.min.js.map.br ..." date="2025-10-09T18:02:02.286" /><!-- duration: 16ms -->
        <step title="Extracting to C:\local\Temp\zipdeploy\extracted\wwwroot\wwwroot\wwwroot\lib\bootstrap\dist\js\bootstrap.min.js.map.gz ..." date="2025-10-09T18:02:02.302" /><!-- duration: 0ms -->
        <step title="Extracting to C:\local\Temp\zipdeploy\extracted\wwwroot\wwwroot\wwwroot\sample-data\weather.json ..." date="2025-10-09T18:02:02.318" /><!-- duration: 0ms -->
        <step title="Extracting to C:\local\Temp\zipdeploy\extracted\wwwroot\wwwroot\wwwroot\sample-data\weather.json.br ..." date="2025-10-09T18:02:02.318" /><!-- duration: 16ms -->
        <step title="Extracting to C:\local\Temp\zipdeploy\extracted\wwwroot\wwwroot\wwwroot\sample-data\weather.json.gz ..." date="2025-10-09T18:02:02.333" /><!-- duration: 0ms -->
      </step><!-- duration: 3234ms -->
    </step><!-- duration: 3297ms -->
    <step title="Before sending BuildRequestReceived status to /api/updatedeploystatus" date="2025-10-09T18:02:02.349" /><!-- duration: 0ms -->
    <step title="DeploymentManager.Deploy(id:23fd379399dc4f1eaea6c0caa8613c8c)" date="2025-10-09T18:02:02.349" >
      <step title="Collecting changeset information" date="2025-10-09T18:02:02.365" /><!-- duration: 31ms -->
      <step title="Updating submodules" date="2025-10-09T18:02:02.396" >
        <step title="Updating submodules." date="2025-10-09T18:02:02.427" /><!-- duration: 0ms -->
      </step><!-- duration: 31ms -->
      <step title="Preparing deployment for commit id &apos;23fd379399&apos;." date="2025-10-09T18:02:02.475" /><!-- duration: 15ms -->
      <step title="Determining deployment builder" date="2025-10-09T18:02:02.521" >
        <step title="Builder is BasicBuilder" date="2025-10-09T18:02:02.521" /><!-- duration: 0ms -->
      </step><!-- duration: 0ms -->
      <step title="Copying SSH keys" date="2025-10-09T18:02:02.536" /><!-- duration: 0ms -->
      <step title="Building" date="2025-10-09T18:02:02.552" >
        <step title="Generating deployment script." date="2025-10-09T18:02:02.583" /><!-- duration: 0ms -->
        <step title="Generating deployment script" date="2025-10-09T18:02:02.583" >
          <step title="Using cached version of the deployment script for command: -y --no-dot-deployment -r &quot;C:\local\Temp\zipdeploy\extracted&quot; -o &quot;C:\home\site\deployments\tools&quot; --basic --sitePath &quot;C:\local\Temp\zipdeploy\extracted&quot;" date="2025-10-09T18:02:02.615" /><!-- duration: 0ms -->
          <step title="Using cached version of deployment script (command: &apos;azure -y --no-dot-deployment -r &quot;C:\local\Temp\zipdeploy\extracted&quot; -o &quot;C:\home\site\deployments\tools&quot; --basic --sitePath &quot;C:\local\Temp\zipdeploy\extracted&quot;&apos;)." date="2025-10-09T18:02:02.615" /><!-- duration: 0ms -->
        </step><!-- duration: 47ms -->
        <step title="Running deployment command..." date="2025-10-09T18:02:02.677" /><!-- duration: 0ms -->
        <step title="Command: &quot;C:\home\site\deployments\tools\deploy.cmd&quot;" date="2025-10-09T18:02:02.693" /><!-- duration: 16ms -->
        <step title="Executing external process" date="2025-10-09T18:02:02.708" type="process" path="starter.cmd" arguments="&quot;C:\home\site\deployments\tools\deploy.cmd&quot;" >
          <step title="Handling Basic Web Site deployment." date="2025-10-09T18:02:02.865" /><!-- duration: 16ms -->
          <step title="Creating app_offline.htm" date="2025-10-09T18:02:03.318" /><!-- duration: 0ms -->
          <step title="KuduSync.NET from: &apos;C:\local\Temp\zipdeploy\extracted&apos; to: &apos;C:\home\site\wwwroot&apos;" date="2025-10-09T18:02:03.318" /><!-- duration: 16ms -->
          <step title="Copying file: &apos;appsettings.Development.json&apos;" date="2025-10-09T18:02:03.333" /><!-- duration: 0ms -->
          <step title="Copying file: &apos;appsettings.json&apos;" date="2025-10-09T18:02:03.349" /><!-- duration: 0ms -->
          <step title="Copying file: &apos;PoRepoLineTracker.Api&apos;" date="2025-10-09T18:02:03.349" /><!-- duration: 0ms -->
          <step title="Copying file: &apos;PoRepoLineTracker.Api.deps.json&apos;" date="2025-10-09T18:02:03.365" /><!-- duration: 0ms -->
          <step title="Copying file: &apos;PoRepoLineTracker.Api.dll&apos;" date="2025-10-09T18:02:03.365" /><!-- duration: 0ms -->
          <step title="Copying file: &apos;PoRepoLineTracker.Api.pdb&apos;" date="2025-10-09T18:02:03.380" /><!-- duration: 0ms -->
          <step title="Copying file: &apos;PoRepoLineTracker.Api.runtimeconfig.json&apos;" date="2025-10-09T18:02:03.380" /><!-- duration: 16ms -->
          <step title="Copying file: &apos;PoRepoLineTracker.Api.staticwebassets.endpoints.json&apos;" date="2025-10-09T18:02:03.396" /><!-- duration: 0ms -->
          <step title="Copying file: &apos;PoRepoLineTracker.Application.dll&apos;" date="2025-10-09T18:02:03.411" /><!-- duration: 0ms -->
          <step title="Copying file: &apos;PoRepoLineTracker.Application.pdb&apos;" date="2025-10-09T18:02:03.411" /><!-- duration: 0ms -->
          <step title="Copying file: &apos;PoRepoLineTracker.Client.dll&apos;" date="2025-10-09T18:02:03.427" /><!-- duration: 0ms -->
          <step title="Copying file: &apos;PoRepoLineTracker.Client.pdb&apos;" date="2025-10-09T18:02:03.427" /><!-- duration: 0ms -->
          <step title="Copying file: &apos;PoRepoLineTracker.Domain.dll&apos;" date="2025-10-09T18:02:03.443" /><!-- duration: 0ms -->
          <step title="Copying file: &apos;PoRepoLineTracker.Domain.pdb&apos;" date="2025-10-09T18:02:03.443" /><!-- duration: 0ms -->
          <step title="Copying file: &apos;PoRepoLineTracker.Infrastructure.dll&apos;" date="2025-10-09T18:02:03.458" /><!-- duration: 0ms -->
          <step title="Copying file: &apos;PoRepoLineTracker.Infrastructure.pdb&apos;" date="2025-10-09T18:02:03.458" /><!-- duration: 16ms -->
          <step title="Copying file: &apos;wwwroot\favicon.png&apos;" date="2025-10-09T18:02:03.474" /><!-- duration: 0ms -->
          <step title="Copying file: &apos;wwwroot\icon-192.png&apos;" date="2025-10-09T18:02:03.474" /><!-- duration: 16ms -->
          <step title="Copying file: &apos;wwwroot\index.html&apos;" date="2025-10-09T18:02:03.490" /><!-- duration: 0ms -->
          <step title="Copying file: &apos;wwwroot\index.html.br&apos;" date="2025-10-09T18:02:03.505" /><!-- duration: 0ms -->
          <step title="Copying file: &apos;wwwroot\index.html.gz&apos;" date="2025-10-09T18:02:03.505" /><!-- duration: 0ms -->
          <step title="Copying file: &apos;wwwroot\PoRepoLineTracker.Client.staticwebassets.endpoints.json&apos;" date="2025-10-09T18:02:03.536" /><!-- duration: 0ms -->
          <step title="Copying file: &apos;wwwroot\PoRepoLineTracker.Client.staticwebassets.endpoints.json.br&apos;" date="2025-10-09T18:02:03.552" /><!-- duration: 0ms -->
          <step title="Copying file: &apos;wwwroot\PoRepoLineTracker.Client.staticwebassets.endpoints.json.gz&apos;" date="2025-10-09T18:02:03.552" /><!-- duration: 0ms -->
          <step title="Copying file: &apos;wwwroot\PoRepoLineTracker.Client.styles.css&apos;" date="2025-10-09T18:02:03.568" /><!-- duration: 0ms -->
          <step title="Copying file: &apos;wwwroot\PoRepoLineTracker.Client.styles.css.br&apos;" date="2025-10-09T18:02:03.568" /><!-- duration: 0ms -->
          <step title="Copying file: &apos;wwwroot\PoRepoLineTracker.Client.styles.css.gz&apos;" date="2025-10-09T18:02:03.583" /><!-- duration: 0ms -->
          <step title="Copying file: &apos;wwwroot\css\app.css&apos;" date="2025-10-09T18:02:03.583" /><!-- duration: 0ms -->
          <step title="Copying file: &apos;wwwroot\css\app.css.br&apos;" date="2025-10-09T18:02:03.599" /><!-- duration: 0ms -->
          <step title="Copying file: &apos;wwwroot\css\app.css.gz&apos;" date="2025-10-09T18:02:03.599" /><!-- duration: 47ms -->
          <step title="Copying file: &apos;wwwroot\lib\bootstrap\dist\css\bootstrap-grid.css&apos;" date="2025-10-09T18:02:03.661" /><!-- duration: 0ms -->
          <step title="Copying file: &apos;wwwroot\lib\bootstrap\dist\css\bootstrap-grid.css.br&apos;" date="2025-10-09T18:02:03.661" /><!-- duration: 0ms -->
          <step title="Copying file: &apos;wwwroot\lib\bootstrap\dist\css\bootstrap-grid.css.gz&apos;" date="2025-10-09T18:02:03.677" /><!-- duration: 0ms -->
          <step title="Copying file: &apos;wwwroot\lib\bootstrap\dist\css\bootstrap-grid.css.map&apos;" date="2025-10-09T18:02:03.677" /><!-- duration: 16ms -->
          <step title="Copying file: &apos;wwwroot\lib\bootstrap\dist\css\bootstrap-grid.css.map.br&apos;" date="2025-10-09T18:02:03.693" /><!-- duration: 0ms -->
          <step title="Copying file: &apos;wwwroot\lib\bootstrap\dist\css\bootstrap-grid.css.map.gz&apos;" date="2025-10-09T18:02:03.708" /><!-- duration: 0ms -->
          <step title="Copying file: &apos;wwwroot\lib\bootstrap\dist\css\bootstrap-grid.min.css&apos;" date="2025-10-09T18:02:03.708" /><!-- duration: 0ms -->
          <step title="Copying file: &apos;wwwroot\lib\bootstrap\dist\css\bootstrap-grid.min.css.br&apos;" date="2025-10-09T18:02:03.724" /><!-- duration: 0ms -->
          <step title="Copying file: &apos;wwwroot\lib\bootstrap\dist\css\bootstrap-grid.min.css.gz&apos;" date="2025-10-09T18:02:03.724" /><!-- duration: 0ms -->
          <step title="Copying file: &apos;wwwroot\lib\bootstrap\dist\css\bootstrap-grid.min.css.map&apos;" date="2025-10-09T18:02:03.741" /><!-- duration: 0ms -->
          <step title="Copying file: &apos;wwwroot\lib\bootstrap\dist\css\bootstrap-grid.min.css.map.br&apos;" date="2025-10-09T18:02:03.741" /><!-- duration: 0ms -->
          <step title="Copying file: &apos;wwwroot\lib\bootstrap\dist\css\bootstrap-grid.min.css.map.gz&apos;" date="2025-10-09T18:02:03.755" /><!-- duration: 0ms -->
          <step title="Copying file: &apos;wwwroot\lib\bootstrap\dist\css\bootstrap-grid.rtl.css&apos;" date="2025-10-09T18:02:03.755" /><!-- duration: 0ms -->
          <step title="Copying file: &apos;wwwroot\lib\bootstrap\dist\css\bootstrap-grid.rtl.css.br&apos;" date="2025-10-09T18:02:03.771" /><!-- duration: 0ms -->
          <step title="Copying file: &apos;wwwroot\lib\bootstrap\dist\css\bootstrap-grid.rtl.css.gz&apos;" date="2025-10-09T18:02:03.771" /><!-- duration: 16ms -->
          <step title="Copying file: &apos;wwwroot\lib\bootstrap\dist\css\bootstrap-grid.rtl.css.map&apos;" date="2025-10-09T18:02:03.786" /><!-- duration: 0ms -->
          <step title="Copying file: &apos;wwwroot\lib\bootstrap\dist\css\bootstrap-grid.rtl.css.map.br&apos;" date="2025-10-09T18:02:03.786" /><!-- duration: 16ms -->
          <step title="Copying file: &apos;wwwroot\lib\bootstrap\dist\css\bootstrap-grid.rtl.css.map.gz&apos;" date="2025-10-09T18:02:03.802" /><!-- duration: 0ms -->
          <step title="Omitting next output lines..." date="2025-10-09T18:02:03.818" /><!-- duration: 0ms -->
          <step title="Finished successfully." date="2025-10-09T18:02:13.101" /><!-- duration: 0ms -->
        </step><!-- duration: 10393ms -->
        <step title="Running post deployment command(s)..." date="2025-10-09T18:02:13.148" /><!-- duration: 0ms -->
        <step title="Triggering recycle (preview mode disabled)." date="2025-10-09T18:02:13.195" /><!-- duration: 16ms -->
        <step title="Ignoring FS watcher based recycle request as this is a classic Windows app." date="2025-10-09T18:02:13.226" /><!-- duration: 0ms -->
        <step title="Deployment successful. DEPLOYMENTINFO: deploymentPath = ZipDeploy. Extract zip. , deployer = ZipDeploy, os = windows, sku = Free, siteName = PoRepoLineTracker, siteHostName = porepolinetracker.azurewebsites.net, deploymentStatus = Success" date="2025-10-09T18:02:13.257" /><!-- duration: 0ms -->
      </step><!-- duration: 10830ms -->
    </step><!-- duration: 11033ms -->
    <step title="Cleaning up temp files" date="2025-10-09T18:02:13.382" /><!-- duration: 16ms -->
    <step title="Skip function trigger and logicapp sync because function is not enabled." date="2025-10-09T18:02:13.398" /><!-- duration: 16ms -->
  </step><!-- duration: 14502ms -->
  <step title="LockFile &apos;C:\home\site\locks\deployments.lock&apos; released" date="2025-10-09T18:02:13.460" /><!-- duration: 0ms -->
  <step title="Deleting shutdown sentinel file" date="2025-10-09T18:02:13.460" SemaphoreCount="8" /><!-- duration: 0ms -->
</step><!-- duration: 14596ms -->
