{"TimeStamp":"2025-10-09T18:54:50Z","SiteName":"PoRepoLineTracker","RequestId":"c718b6b5-2aa9-f286-b6de-688b747fde51","Kind":"ZipDeploy","Status":"Success","Details":"{\"Id\":\"88debbec6f514d7ab8951548735fba44\",\"Status\":4,\"StatusText\":\"\",\"AuthorEmail\":\"N/A\",\"Author\":\"N/A\",\"Message\":\"Created via a push deployment\",\"Progress\":\"\",\"Deployer\":\"ZipDeploy\",\"ReceivedTime\":\"2025-10-09T18:54:40.5473837Z\",\"StartTime\":\"2025-10-09T18:54:40.6723832Z\",\"EndTime\":\"2025-10-09T18:54:50.8179426Z\",\"LastSuccessEndTime\":\"2025-10-09T18:54:50.8179426Z\",\"Complete\":true,\"IsTemporary\":false,\"IsReadOnly\":true,\"SiteName\":\"PoRepoLineTracker\",\"HostName\":\"porepolinetracker.scm.azurewebsites.net\",\"ProjectType\":\"BASIC\",\"VsProjectId\":null}"}