{
  "mainAssemblyName": "PoRepoLineTracker.Client",
  "resources": {
    "hash": "sha256-0jUhlzcUIq8vhIVpx3veydJdLqYgfibGAvwJA8Np7FM=",
    "fingerprinting": {
      "MediatR.Contracts.f5sa8x1lz4.wasm": "MediatR.Contracts.wasm",
      "MediatR.z98cw0jnwz.wasm": "MediatR.wasm",
      "Microsoft.AspNetCore.Components.Forms.htcukg2u2z.wasm": "Microsoft.AspNetCore.Components.Forms.wasm",
      "Microsoft.AspNetCore.Components.Web.soijidipmi.wasm": "Microsoft.AspNetCore.Components.Web.wasm",
      "Microsoft.AspNetCore.Components.WebAssembly.5ook42v19r.wasm": "Microsoft.AspNetCore.Components.WebAssembly.wasm",
      "Microsoft.AspNetCore.Components.kq4525ljy5.wasm": "Microsoft.AspNetCore.Components.wasm",
      "Microsoft.CSharp.ppzrxrw6a0.wasm": "Microsoft.CSharp.wasm",
      "Microsoft.Extensions.Configuration.Abstractions.i8lt4ncmiz.wasm": "Microsoft.Extensions.Configuration.Abstractions.wasm",
      "Microsoft.Extensions.Configuration.Json.0cm6d8ej68.wasm": "Microsoft.Extensions.Configuration.Json.wasm",
      "Microsoft.Extensions.Configuration.oqrnhsbrla.wasm": "Microsoft.Extensions.Configuration.wasm",
      "Microsoft.Extensions.DependencyInjection.Abstractions.ffkxdbqtzh.wasm": "Microsoft.Extensions.DependencyInjection.Abstractions.wasm",
      "Microsoft.Extensions.DependencyInjection.uum8fsrbn4.wasm": "Microsoft.Extensions.DependencyInjection.wasm",
      "Microsoft.Extensions.Logging.Abstractions.u437xu4ty8.wasm": "Microsoft.Extensions.Logging.Abstractions.wasm",
      "Microsoft.Extensions.Logging.p9svcbtg1a.wasm": "Microsoft.Extensions.Logging.wasm",
      "Microsoft.Extensions.Options.684cvt6ofy.wasm": "Microsoft.Extensions.Options.wasm",
      "Microsoft.Extensions.Primitives.5pxr7nzxwe.wasm": "Microsoft.Extensions.Primitives.wasm",
      "Microsoft.IdentityModel.Abstractions.r0dwojslng.wasm": "Microsoft.IdentityModel.Abstractions.wasm",
      "Microsoft.IdentityModel.JsonWebTokens.rp4ufe1kuz.wasm": "Microsoft.IdentityModel.JsonWebTokens.wasm",
      "Microsoft.IdentityModel.Logging.u29uo89050.wasm": "Microsoft.IdentityModel.Logging.wasm",
      "Microsoft.IdentityModel.Tokens.m8tw6bmrjd.wasm": "Microsoft.IdentityModel.Tokens.wasm",
      "Microsoft.JSInterop.WebAssembly.imfqvv3x5h.wasm": "Microsoft.JSInterop.WebAssembly.wasm",
      "Microsoft.JSInterop.thg64f7yod.wasm": "Microsoft.JSInterop.wasm",
      "PoRepoLineTracker.Application.9ja5eb5k75.wasm": "PoRepoLineTracker.Application.wasm",
      "PoRepoLineTracker.Client.9xnydd9acj.wasm": "PoRepoLineTracker.Client.wasm",
      "PoRepoLineTracker.Domain.q7pvtlib0l.wasm": "PoRepoLineTracker.Domain.wasm",
      "Radzen.Blazor.hgnk8d2es2.wasm": "Radzen.Blazor.wasm",
      "System.Collections.Concurrent.4333iol1nw.wasm": "System.Collections.Concurrent.wasm",
      "System.Collections.Immutable.69cakuk9aj.wasm": "System.Collections.Immutable.wasm",
      "System.Collections.NonGeneric.5fqaa2ju7o.wasm": "System.Collections.NonGeneric.wasm",
      "System.Collections.Specialized.3sh10b3aek.wasm": "System.Collections.Specialized.wasm",
      "System.Collections.uboawr04ac.wasm": "System.Collections.wasm",
      "System.ComponentModel.Annotations.e8sugtbcdz.wasm": "System.ComponentModel.Annotations.wasm",
      "System.ComponentModel.Primitives.ruhptkfg11.wasm": "System.ComponentModel.Primitives.wasm",
      "System.ComponentModel.TypeConverter.negosty4ko.wasm": "System.ComponentModel.TypeConverter.wasm",
      "System.ComponentModel.5y3o4qq5pj.wasm": "System.ComponentModel.wasm",
      "System.Console.c0wk656iez.wasm": "System.Console.wasm",
      "System.Core.mi5id249j0.wasm": "System.Core.wasm",
      "System.Data.Common.umeq0mk01d.wasm": "System.Data.Common.wasm",
      "System.Diagnostics.DiagnosticSource.dzuuublwen.wasm": "System.Diagnostics.DiagnosticSource.wasm",
      "System.Diagnostics.StackTrace.bx12k49z0e.wasm": "System.Diagnostics.StackTrace.wasm",
      "System.Drawing.Primitives.ipk39d478j.wasm": "System.Drawing.Primitives.wasm",
      "System.Drawing.ewphiunpcg.wasm": "System.Drawing.wasm",
      "System.Formats.Asn1.nh7u274bgs.wasm": "System.Formats.Asn1.wasm",
      "System.IO.Compression.41w3pfhps7.wasm": "System.IO.Compression.wasm",
      "System.IO.Pipelines.kapd30rafw.wasm": "System.IO.Pipelines.wasm",
      "System.Linq.Expressions.i6ipon6ekq.wasm": "System.Linq.Expressions.wasm",
      "System.Linq.Queryable.468fbptu2s.wasm": "System.Linq.Queryable.wasm",
      "System.Linq.e5etqgbedh.wasm": "System.Linq.wasm",
      "System.Memory.lmv6t3x0ix.wasm": "System.Memory.wasm",
      "System.Net.Http.Json.fqo1iwppx2.wasm": "System.Net.Http.Json.wasm",
      "System.Net.Http.jeg42is8ds.wasm": "System.Net.Http.wasm",
      "System.Net.Primitives.0h7y3g6nqf.wasm": "System.Net.Primitives.wasm",
      "System.ObjectModel.e7c0pzin5h.wasm": "System.ObjectModel.wasm",
      "System.Private.CoreLib.mdglh5nm54.wasm": "System.Private.CoreLib.wasm",
      "System.Private.Uri.bjyeypsbwh.wasm": "System.Private.Uri.wasm",
      "System.Private.Xml.Linq.y7173a4fh5.wasm": "System.Private.Xml.Linq.wasm",
      "System.Private.Xml.i2hk6gn8z7.wasm": "System.Private.Xml.wasm",
      "System.Reflection.Emit.ILGeneration.xydwfugpt6.wasm": "System.Reflection.Emit.ILGeneration.wasm",
      "System.Reflection.Emit.moyk3dnjd3.wasm": "System.Reflection.Emit.wasm",
      "System.Reflection.Primitives.s2j1s28uhr.wasm": "System.Reflection.Primitives.wasm",
      "System.Runtime.InteropServices.JavaScript.f7txb1es0b.wasm": "System.Runtime.InteropServices.JavaScript.wasm",
      "System.Runtime.InteropServices.8iwujrztrv.wasm": "System.Runtime.InteropServices.wasm",
      "System.Runtime.Numerics.9w76nhdsfx.wasm": "System.Runtime.Numerics.wasm",
      "System.Runtime.zijk6d7ixb.wasm": "System.Runtime.wasm",
      "System.Security.Claims.n4bcsbi2fc.wasm": "System.Security.Claims.wasm",
      "System.Security.Cryptography.2mitcmfq7i.wasm": "System.Security.Cryptography.wasm",
      "System.Text.Encodings.Web.rgv2yhk6d7.wasm": "System.Text.Encodings.Web.wasm",
      "System.Text.Json.j5o6zu0f9i.wasm": "System.Text.Json.wasm",
      "System.Text.RegularExpressions.3trtodlfqy.wasm": "System.Text.RegularExpressions.wasm",
      "System.Threading.Thread.5b1jo4d7mj.wasm": "System.Threading.Thread.wasm",
      "System.Threading.jgr1p9vi98.wasm": "System.Threading.wasm",
      "System.Web.HttpUtility.wsed2e1pbx.wasm": "System.Web.HttpUtility.wasm",
      "System.Xml.Linq.qsgzs1hc1j.wasm": "System.Xml.Linq.wasm",
      "System.Xml.ReaderWriter.4xzyon12sr.wasm": "System.Xml.ReaderWriter.wasm",
      "System.Xml.XDocument.bh6q24w1sa.wasm": "System.Xml.XDocument.wasm",
      "System.m0fu6d0eya.wasm": "System.wasm",
      "netstandard.hk27ltvbcd.wasm": "netstandard.wasm",
      "dotnet.native.k05mojk08u.js": "dotnet.native.js",
      "dotnet.native.29jorf7vpp.wasm": "dotnet.native.wasm",
      "dotnet.js": "dotnet.js",
      "dotnet.runtime.st3wwc8rqy.js": "dotnet.runtime.js",
      "icudt_CJK.tjcz0u77k5.dat": "icudt_CJK.dat",
      "icudt_EFIGS.tptq2av103.dat": "icudt_EFIGS.dat",
      "icudt_no_CJK.lfu7j35m59.dat": "icudt_no_CJK.dat"
    },
    "jsModuleNative": {
      "dotnet.native.k05mojk08u.js": "sha256-5Ea+CglMso5EvVcUnLzqLZXta35j5Ljttczbg2x8b5g="
    },
    "jsModuleRuntime": {
      "dotnet.runtime.st3wwc8rqy.js": "sha256-oBRKHAqZUsvCRnCzkQfB7zc45cpKLNq2NKyrG10IKx8="
    },
    "wasmNative": {
      "dotnet.native.29jorf7vpp.wasm": "sha256-isGqs1Kp4ovLTZ6gWYMyStxhSqitrod5Zh5VrEombCc="
    },
    "icu": {
      "icudt_CJK.tjcz0u77k5.dat": "sha256-SZLtQnRc0JkwqHab0VUVP7T3uBPSeYzxzDnpxPpUnHk=",
      "icudt_EFIGS.tptq2av103.dat": "sha256-8fItetYY8kQ0ww6oxwTLiT3oXlBwHKumbeP2pRF4yTc=",
      "icudt_no_CJK.lfu7j35m59.dat": "sha256-L7sV7NEYP37/Qr2FPCePo5cJqRgTXRwGHuwF5Q+0Nfs="
    },
    "coreAssembly": {
      "System.Private.CoreLib.mdglh5nm54.wasm": "sha256-KhshVfqFzmcQhB6xm+59l4Y3j/bSV2SfJ2yv6Pepcf0=",
      "System.Runtime.InteropServices.JavaScript.f7txb1es0b.wasm": "sha256-5X6FWiZE4NSx4s9iNjfVim2lWQpcbVIsorx1vB6lyno="
    },
    "assembly": {
      "MediatR.Contracts.f5sa8x1lz4.wasm": "sha256-/db+nahzjeSd5EhxUqFrpFzJ998Up6Vgs1PHrV3jqkU=",
      "MediatR.z98cw0jnwz.wasm": "sha256-58SeP5XSiYkvaYi1ZVAAmoEpnG1GrK34q7K3CWTQLwg=",
      "Microsoft.AspNetCore.Components.Forms.htcukg2u2z.wasm": "sha256-ZRCIPtVfyZUKh2k5y/9M3+lgxVE19isJL4YKI55g6rU=",
      "Microsoft.AspNetCore.Components.Web.soijidipmi.wasm": "sha256-pBTZTl3Lv+i5YexX8bnQQSeBxIiFXcUXOET8IbslvUA=",
      "Microsoft.AspNetCore.Components.WebAssembly.5ook42v19r.wasm": "sha256-5bXw/DC2r8Vww+u/zVNvqT7337UARtteqGxES/7FXiw=",
      "Microsoft.AspNetCore.Components.kq4525ljy5.wasm": "sha256-PC09mrw9W/MXJ18pV+J/tRvqn0qpwzWUPenU7Kx/VFw=",
      "Microsoft.CSharp.ppzrxrw6a0.wasm": "sha256-c4VNnxCS/7i4eyB1cTZrH0JKAjCUz5jWo8DvxcYOH2o=",
      "Microsoft.Extensions.Configuration.Abstractions.i8lt4ncmiz.wasm": "sha256-wpAMry7N0nJ2Cc0kQ5xuouPiO+WYunbMHo+LFCz5P6w=",
      "Microsoft.Extensions.Configuration.Json.0cm6d8ej68.wasm": "sha256-kKMubKJ3c2lATxpoAuoDqMjzQ+a0M6Ym35pK74cMK2o=",
      "Microsoft.Extensions.Configuration.oqrnhsbrla.wasm": "sha256-MP3BxPuTQctg5hXW6okZSnl3EfuFii63LzPW3LBtgh8=",
      "Microsoft.Extensions.DependencyInjection.Abstractions.ffkxdbqtzh.wasm": "sha256-q/6Vaz8B1A8/6Vf6/4nFPtXBWFOexIDfm2WpIxlD26o=",
      "Microsoft.Extensions.DependencyInjection.uum8fsrbn4.wasm": "sha256-Sgs1bgmGaF2mv6rWcaihc+x48ZQQAidfzYwZvYX5WJk=",
      "Microsoft.Extensions.Logging.Abstractions.u437xu4ty8.wasm": "sha256-noRNmOqOwWcqAEFPqiA4xeI0Zv4Qi8gKxzWdFGJlun8=",
      "Microsoft.Extensions.Logging.p9svcbtg1a.wasm": "sha256-I/euMiwOKn2U2Y1vqcUjYWEG/7zWmvDiTlHAoPLRHQ0=",
      "Microsoft.Extensions.Options.684cvt6ofy.wasm": "sha256-ZhMP66Xdwsxg3woDGMbE/PrgYbF1Ok/Fju/43KlNEtI=",
      "Microsoft.Extensions.Primitives.5pxr7nzxwe.wasm": "sha256-WXYpl64HUqc9+prJOz6dOEVvB8PFJhTdfqUMB3ZGRGA=",
      "Microsoft.IdentityModel.Abstractions.r0dwojslng.wasm": "sha256-601Q2UvldAY5VvkmtBtk2/X985PSSHHf/naXsPpAMwA=",
      "Microsoft.IdentityModel.JsonWebTokens.rp4ufe1kuz.wasm": "sha256-X+pgQ6ZWgHxvnUNYXj2LWknoVZZMUexGyDSx0w7yvWM=",
      "Microsoft.IdentityModel.Logging.u29uo89050.wasm": "sha256-dlEuJhUCH2MgoIJsssOzyXeVbrrsJmleKb9c7UYJEwk=",
      "Microsoft.IdentityModel.Tokens.m8tw6bmrjd.wasm": "sha256-Bk65uU6Yw19N4JicN6e9zCo5rEhhD6snwbLmymXhIQw=",
      "Microsoft.JSInterop.WebAssembly.imfqvv3x5h.wasm": "sha256-mpyjzA6YBuV9Qx5BUC8YbXP9YjZlM+k7YTVawzXJFgk=",
      "Microsoft.JSInterop.thg64f7yod.wasm": "sha256-/1ZLYN7kGbiaf5A1mRrzPPLlkM3ztDqm+RYpw/p9ceY=",
      "PoRepoLineTracker.Application.9ja5eb5k75.wasm": "sha256-axFNhwXTSGXR4rjc+pEvcwXaUwM9h3Rlz+GkkKCZo8E=",
      "PoRepoLineTracker.Client.9xnydd9acj.wasm": "sha256-Y8FRejX3hK/DfOEBfIlNjW/ixzkTr5ZE8ZOz0vxdIlM=",
      "PoRepoLineTracker.Domain.q7pvtlib0l.wasm": "sha256-mt0SE+9CGjC0dZEm8fxv6Yy8Cc/5NgW+HWQ/9w/njKk=",
      "Radzen.Blazor.hgnk8d2es2.wasm": "sha256-P1CATpvRlhTfI/OMcRk+XNiIfHqgX+j0y1nsC4KVrac=",
      "System.Collections.Concurrent.4333iol1nw.wasm": "sha256-YHTQ8/hPew9PSWAU2rUDGi5WVYbsK7AkdFWBo7YTkL0=",
      "System.Collections.Immutable.69cakuk9aj.wasm": "sha256-iqjqgGsIwWsh4j6zz4SMNdr7xImXJ4K3P8mB60IK2ZU=",
      "System.Collections.NonGeneric.5fqaa2ju7o.wasm": "sha256-QebNkQryDxN25Q7cvUuwOCtyqNGH+4wwZCepYSOGAFs=",
      "System.Collections.Specialized.3sh10b3aek.wasm": "sha256-Q8z/7o5896IHrlk4kSZc6HqMjyDzSpasfAcVJQregac=",
      "System.Collections.uboawr04ac.wasm": "sha256-VvqhwgPMcB3qe7/I3c8O/Z5G4c2YgzeulvWJMcRnp1o=",
      "System.ComponentModel.Annotations.e8sugtbcdz.wasm": "sha256-bj6uDjiLr2BJY5ohwhzEv79QDZRldHUXWR8mezFcRQc=",
      "System.ComponentModel.Primitives.ruhptkfg11.wasm": "sha256-XdzW1zcnBiW+VvNa7kSiXfzJ2IvaX6ueh3A3T7EES10=",
      "System.ComponentModel.TypeConverter.negosty4ko.wasm": "sha256-D7lgFYlAZrkHNXGatCRs911iEPs4tohdshigxvJKSio=",
      "System.ComponentModel.5y3o4qq5pj.wasm": "sha256-/TUgJRG3EZB5Bcfo9BEFJ61DIJLAJRTXeLYB1vnMd1Q=",
      "System.Console.c0wk656iez.wasm": "sha256-DLniOcrIePlvokgZ2eB0xQGCP6bzUoNzSQ+9RRtcn5U=",
      "System.Core.mi5id249j0.wasm": "sha256-kh4hWB30Fm3u3oP8n59f5LFE0lS6vqtyU8IQzKs5oO8=",
      "System.Data.Common.umeq0mk01d.wasm": "sha256-atswtAASP4K/V/BrJirrNYAvmzDJrE+b/Nzd48w/BSA=",
      "System.Diagnostics.DiagnosticSource.dzuuublwen.wasm": "sha256-WTIaO9jlWp1gc+GNRs9kw954huS0bEbief4H1pIS9wY=",
      "System.Diagnostics.StackTrace.bx12k49z0e.wasm": "sha256-P+pOeN3jtT9mZL8Zl+zegsKJZqhvaIWXfVHngpbKqZM=",
      "System.Drawing.Primitives.ipk39d478j.wasm": "sha256-loiXSFF1+Zo5TBlJtfBil42YyTPVd8LYEkutf9ZnakE=",
      "System.Drawing.ewphiunpcg.wasm": "sha256-oiiMus6vWgrlohxq9qh1XosItYfnyEecLBjVPRvbLHI=",
      "System.Formats.Asn1.nh7u274bgs.wasm": "sha256-lcDDBKAURwiFloD7kNwePR8uHRwRtIdy8YvzB/S9/Xo=",
      "System.IO.Compression.41w3pfhps7.wasm": "sha256-6GlfOMr+Eghs3w6LlKbcZUYoVMqWeVeeb8zQ1PoB938=",
      "System.IO.Pipelines.kapd30rafw.wasm": "sha256-tCvlwGJAx3TJMot5V3EE7CsL75IH2QH821792tEpUhM=",
      "System.Linq.Expressions.i6ipon6ekq.wasm": "sha256-StyLrlZLUXVjWWtxe2QtDoA21iFrVqzkGh/WnChPFv4=",
      "System.Linq.Queryable.468fbptu2s.wasm": "sha256-HBaxWdFKhpBg2RkUIRc8W4B/nr4Mwb6uHmO0OsqspzI=",
      "System.Linq.e5etqgbedh.wasm": "sha256-HklIWI7wpyuArCDx2UWul0mcZvaqeiA2ywqYR/eWhMQ=",
      "System.Memory.lmv6t3x0ix.wasm": "sha256-Y+HMV49Q8q7NbEeWDTyX9sr4UrbDUz24vKK9wjtKUsc=",
      "System.Net.Http.Json.fqo1iwppx2.wasm": "sha256-d9WYfqpLSbBUpJJz71bjHwIb9YJ8ZtJyU/HyQcWUxwA=",
      "System.Net.Http.jeg42is8ds.wasm": "sha256-C7ZaXpF9gLlzjKkeEwDjR7ZamwM9FpycvyuUXbYgQjs=",
      "System.Net.Primitives.0h7y3g6nqf.wasm": "sha256-rGIYM/g7mFHB4tUKXxzKAMTdeOGYJ8NmnYQ66r9vFwE=",
      "System.ObjectModel.e7c0pzin5h.wasm": "sha256-ykJ1xusIsrZzLFIdCA1xUAirElXE8djMb4N/UeYz0OQ=",
      "System.Private.Uri.bjyeypsbwh.wasm": "sha256-qXOdPQuGdCL8R42zWJePSCGEBTu8iRCcFT3A3NfJiwM=",
      "System.Private.Xml.Linq.y7173a4fh5.wasm": "sha256-ErPshHcy6vqEuZAfMkcofCnd4j/1zWdQ1lCAY8KCZR4=",
      "System.Private.Xml.i2hk6gn8z7.wasm": "sha256-lvaRjLwwH+3BnmBBtAq/UX8WlWOI5gaSu1eQWHksIJg=",
      "System.Reflection.Emit.ILGeneration.xydwfugpt6.wasm": "sha256-Rwrv2JGR2BXnB0UEeAnykKPE+DWRlxiEPQvnYNGkheo=",
      "System.Reflection.Emit.moyk3dnjd3.wasm": "sha256-llO4bpLg0jQSZzTSkTE8JMMtAFEVqHXVulPeY3CJ6zE=",
      "System.Reflection.Primitives.s2j1s28uhr.wasm": "sha256-1PpEowNT285pH9QLabbBJhUwVk5N8pShAHK7R24yP/c=",
      "System.Runtime.InteropServices.8iwujrztrv.wasm": "sha256-8FAwmMhhSL7hJhoH6njdeeQyu+NvdVJiLOadbYAJ1Tc=",
      "System.Runtime.Numerics.9w76nhdsfx.wasm": "sha256-h2czyqfOk/eEBth8DlkiV0rIbP2/wIilImPdAp6LKXI=",
      "System.Runtime.zijk6d7ixb.wasm": "sha256-26nJU2a5U9M8kj1oj+jQs4J0PSMLXG6RQA84bfQWxu0=",
      "System.Security.Claims.n4bcsbi2fc.wasm": "sha256-qfRp5gAooKP9RT+I0j1cfl9XrMuB3F2ag+yWb6KwPjA=",
      "System.Security.Cryptography.2mitcmfq7i.wasm": "sha256-ehe2xdssN7d1fZhqlG6drckeZkWCuY/cKmcNDF3g2ek=",
      "System.Text.Encodings.Web.rgv2yhk6d7.wasm": "sha256-Ne6VOxbT6lzgY9l5PCAiI85wl45t1S70Sjq16Rc/ZDI=",
      "System.Text.Json.j5o6zu0f9i.wasm": "sha256-OUVUe1YbfWuu+ekon3yerDrHF/iURN39U1h0YU06/Lw=",
      "System.Text.RegularExpressions.3trtodlfqy.wasm": "sha256-B64adZoDNqoYcIavZF7NZcfAiYHz5dYtHbpFibRUl68=",
      "System.Threading.Thread.5b1jo4d7mj.wasm": "sha256-nzqHKM0RCFuQaIYR5w38e0c1uPmHhXMxrKWl+wkV6Nc=",
      "System.Threading.jgr1p9vi98.wasm": "sha256-Qy6+vmFJ1FJPhLt3UC9Hi4rUgoWOYV9Qslfr2Nke1pU=",
      "System.Web.HttpUtility.wsed2e1pbx.wasm": "sha256-0OnLnH9EvbzQVEDezQQPsV1xdkAOloFM0xMuE2gnyDc=",
      "System.Xml.Linq.qsgzs1hc1j.wasm": "sha256-yo+J3RWIIHIiwAhqsR9JizNkH/+hd3auB44RBmvvLoI=",
      "System.Xml.ReaderWriter.4xzyon12sr.wasm": "sha256-qLFXHvwKmX2r128KWGnC5AscwGZRPyPWqGOOVztu5+E=",
      "System.Xml.XDocument.bh6q24w1sa.wasm": "sha256-sUpLFuNZQPCWGlQhhlmQjvC+8foGtglJhLTZ0lvunDY=",
      "System.m0fu6d0eya.wasm": "sha256-hkGLo/MuT/FJ0Xf4XUL0D2VA4dZV532GHNB1JicxLko=",
      "netstandard.hk27ltvbcd.wasm": "sha256-P37M4Ocq0o/NIXsOQCWvj8Al8+bt0cYC59p7kKvIgKY="
    }
  },
  "cacheBootResources": true,
  "debugLevel": 0,
  "linkerEnabled": true,
  "globalizationMode": "sharded",
  "extensions": {
    "blazor": {}
  }
}