{
  "mainAssemblyName": "PoRepoLineTracker.Client",
  "resources": {
    "hash": "sha256-f2PmmLBnIsS44mBkliljuLOjKlcz54Jeogg2+8NgTYY=",
    "fingerprinting": {
      "MediatR.Contracts.f5sa8x1lz4.wasm": "MediatR.Contracts.wasm",
      "MediatR.z98cw0jnwz.wasm": "MediatR.wasm",
      "Microsoft.AspNetCore.Components.Forms.nqhkgzzg3v.wasm": "Microsoft.AspNetCore.Components.Forms.wasm",
      "Microsoft.AspNetCore.Components.9rpxv1wqvj.wasm": "Microsoft.AspNetCore.Components.wasm",
      "Microsoft.AspNetCore.Components.Web.kqqb6t51cn.wasm": "Microsoft.AspNetCore.Components.Web.wasm",
      "Microsoft.AspNetCore.Components.WebAssembly.zx9lf350we.wasm": "Microsoft.AspNetCore.Components.WebAssembly.wasm",
      "Microsoft.CSharp.lbe1q5fqg0.wasm": "Microsoft.CSharp.wasm",
      "Microsoft.Extensions.Configuration.Abstractions.a6k9etuygb.wasm": "Microsoft.Extensions.Configuration.Abstractions.wasm",
      "Microsoft.Extensions.Configuration.Json.xi2jfvrc17.wasm": "Microsoft.Extensions.Configuration.Json.wasm",
      "Microsoft.Extensions.Configuration.tnr3rmpl14.wasm": "Microsoft.Extensions.Configuration.wasm",
      "Microsoft.Extensions.DependencyInjection.Abstractions.e4xiq1j0ej.wasm": "Microsoft.Extensions.DependencyInjection.Abstractions.wasm",
      "Microsoft.Extensions.DependencyInjection.7gn4i8bn3w.wasm": "Microsoft.Extensions.DependencyInjection.wasm",
      "Microsoft.Extensions.Logging.Abstractions.yjs4ut8jsl.wasm": "Microsoft.Extensions.Logging.Abstractions.wasm",
      "Microsoft.Extensions.Logging.0njds877v3.wasm": "Microsoft.Extensions.Logging.wasm",
      "Microsoft.Extensions.Options.j0jz8jug4n.wasm": "Microsoft.Extensions.Options.wasm",
      "Microsoft.Extensions.Primitives.fb26p7p8dq.wasm": "Microsoft.Extensions.Primitives.wasm",
      "Microsoft.IdentityModel.Abstractions.r0dwojslng.wasm": "Microsoft.IdentityModel.Abstractions.wasm",
      "Microsoft.IdentityModel.JsonWebTokens.rp4ufe1kuz.wasm": "Microsoft.IdentityModel.JsonWebTokens.wasm",
      "Microsoft.IdentityModel.Logging.u29uo89050.wasm": "Microsoft.IdentityModel.Logging.wasm",
      "Microsoft.IdentityModel.Tokens.m8tw6bmrjd.wasm": "Microsoft.IdentityModel.Tokens.wasm",
      "Microsoft.JSInterop.saacvbdtfl.wasm": "Microsoft.JSInterop.wasm",
      "Microsoft.JSInterop.WebAssembly.j5m7jjhb9v.wasm": "Microsoft.JSInterop.WebAssembly.wasm",
      "netstandard.ciolva18ei.wasm": "netstandard.wasm",
      "PoRepoLineTracker.Application.99p6tr3xq3.wasm": "PoRepoLineTracker.Application.wasm",
      "PoRepoLineTracker.Client.o36j1w8ghg.wasm": "PoRepoLineTracker.Client.wasm",
      "PoRepoLineTracker.Domain.cfaoxkasz2.wasm": "PoRepoLineTracker.Domain.wasm",
      "Radzen.Blazor.1zlelpjnn1.wasm": "Radzen.Blazor.wasm",
      "System.Collections.Concurrent.70nw1lqqf8.wasm": "System.Collections.Concurrent.wasm",
      "System.Collections.Immutable.7xx7x3r7rz.wasm": "System.Collections.Immutable.wasm",
      "System.Collections.NonGeneric.9p63hnzqam.wasm": "System.Collections.NonGeneric.wasm",
      "System.Collections.Specialized.f8tm30hjl2.wasm": "System.Collections.Specialized.wasm",
      "System.Collections.nl7ep28cpg.wasm": "System.Collections.wasm",
      "System.ComponentModel.Annotations.ve8jvneazz.wasm": "System.ComponentModel.Annotations.wasm",
      "System.ComponentModel.Primitives.edwqpdbcul.wasm": "System.ComponentModel.Primitives.wasm",
      "System.ComponentModel.TypeConverter.235gk29rav.wasm": "System.ComponentModel.TypeConverter.wasm",
      "System.ComponentModel.oqggmdaxu6.wasm": "System.ComponentModel.wasm",
      "System.Console.bray4fqa2t.wasm": "System.Console.wasm",
      "System.Core.1fzc3977wq.wasm": "System.Core.wasm",
      "System.Diagnostics.DiagnosticSource.2p4h6car0p.wasm": "System.Diagnostics.DiagnosticSource.wasm",
      "System.Diagnostics.StackTrace.lrpd04ewcz.wasm": "System.Diagnostics.StackTrace.wasm",
      "System.Diagnostics.TraceSource.ylgzin7t0h.wasm": "System.Diagnostics.TraceSource.wasm",
      "System.Formats.Asn1.wd41dq2i9g.wasm": "System.Formats.Asn1.wasm",
      "System.IO.Compression.as9q3tfue4.wasm": "System.IO.Compression.wasm",
      "System.IO.MemoryMappedFiles.5wg31ec3vz.wasm": "System.IO.MemoryMappedFiles.wasm",
      "System.IO.Pipelines.p3j7qo4iu9.wasm": "System.IO.Pipelines.wasm",
      "System.Linq.Dynamic.Core.v56k5wbbs8.wasm": "System.Linq.Dynamic.Core.wasm",
      "System.Linq.Expressions.cr3ylj7f45.wasm": "System.Linq.Expressions.wasm",
      "System.Linq.Queryable.a3ueo5c7pn.wasm": "System.Linq.Queryable.wasm",
      "System.Linq.5rwhjdneqe.wasm": "System.Linq.wasm",
      "System.Memory.ehm0y3mxjr.wasm": "System.Memory.wasm",
      "System.Net.Http.Json.f79gwu91qk.wasm": "System.Net.Http.Json.wasm",
      "System.Net.Http.jetktt1dc9.wasm": "System.Net.Http.wasm",
      "System.Net.Primitives.neyihtxzev.wasm": "System.Net.Primitives.wasm",
      "System.ObjectModel.90eh2k04gg.wasm": "System.ObjectModel.wasm",
      "System.Private.CoreLib.3xomekppne.wasm": "System.Private.CoreLib.wasm",
      "System.Private.Uri.mn47kzin0b.wasm": "System.Private.Uri.wasm",
      "System.Private.Xml.Linq.li235h1jca.wasm": "System.Private.Xml.Linq.wasm",
      "System.Private.Xml.wnompvptiw.wasm": "System.Private.Xml.wasm",
      "System.Reflection.Emit.ILGeneration.k22udwc9ij.wasm": "System.Reflection.Emit.ILGeneration.wasm",
      "System.Reflection.Emit.lpgff7l6s8.wasm": "System.Reflection.Emit.wasm",
      "System.Reflection.Metadata.gi05fqp3gx.wasm": "System.Reflection.Metadata.wasm",
      "System.Reflection.Primitives.dhny9hcbnv.wasm": "System.Reflection.Primitives.wasm",
      "System.Runtime.InteropServices.JavaScript.lnedh9fxsl.wasm": "System.Runtime.InteropServices.JavaScript.wasm",
      "System.Runtime.InteropServices.RuntimeInformation.zj885fhugg.wasm": "System.Runtime.InteropServices.RuntimeInformation.wasm",
      "System.Runtime.InteropServices.pa17vtws4x.wasm": "System.Runtime.InteropServices.wasm",
      "System.Runtime.Numerics.lx0wdhrgha.wasm": "System.Runtime.Numerics.wasm",
      "System.Runtime.8rswps0rng.wasm": "System.Runtime.wasm",
      "System.Security.Claims.3ktk80y5w5.wasm": "System.Security.Claims.wasm",
      "System.Security.Cryptography.tuwmntmuwg.wasm": "System.Security.Cryptography.wasm",
      "System.Text.Encodings.Web.gopmtb811g.wasm": "System.Text.Encodings.Web.wasm",
      "System.Text.Json.ilkp3xkrtn.wasm": "System.Text.Json.wasm",
      "System.Text.RegularExpressions.p6ct48udar.wasm": "System.Text.RegularExpressions.wasm",
      "System.Threading.Thread.uxktklnrtr.wasm": "System.Threading.Thread.wasm",
      "System.Threading.mpkznl8soh.wasm": "System.Threading.wasm",
      "System.wznexm8bk2.wasm": "System.wasm",
      "System.Web.HttpUtility.a54destebp.wasm": "System.Web.HttpUtility.wasm",
      "System.Xml.Linq.hvxjxkvtb2.wasm": "System.Xml.Linq.wasm",
      "System.Xml.ReaderWriter.laoccmww12.wasm": "System.Xml.ReaderWriter.wasm",
      "System.Xml.XDocument.w83pehuuzm.wasm": "System.Xml.XDocument.wasm",
      "dotnet.native.efrs40a03d.js": "dotnet.native.js",
      "dotnet.native.mdpbifwsac.wasm": "dotnet.native.wasm",
      "dotnet.js": "dotnet.js",
      "dotnet.runtime.593bvuk5yc.js": "dotnet.runtime.js",
      "icudt_CJK.tjcz0u77k5.dat": "icudt_CJK.dat",
      "icudt_EFIGS.tptq2av103.dat": "icudt_EFIGS.dat",
      "icudt_no_CJK.lfu7j35m59.dat": "icudt_no_CJK.dat"
    },
    "jsModuleNative": {
      "dotnet.native.efrs40a03d.js": "sha256-JmJHWAXgvJGQDvpzm9JYRTvwbsByt5/3w+yQpb79sWA="
    },
    "jsModuleRuntime": {
      "dotnet.runtime.593bvuk5yc.js": "sha256-x+PnWU47EIr/zL3xxqIUMDJi/dy5904TVGunDqCvjIY="
    },
    "wasmNative": {
      "dotnet.native.mdpbifwsac.wasm": "sha256-xrxfr3f3srex/qP/w5Sa6gcp5hBCSmHKhvfqwbkEQ04="
    },
    "icu": {
      "icudt_CJK.tjcz0u77k5.dat": "sha256-SZLtQnRc0JkwqHab0VUVP7T3uBPSeYzxzDnpxPpUnHk=",
      "icudt_EFIGS.tptq2av103.dat": "sha256-8fItetYY8kQ0ww6oxwTLiT3oXlBwHKumbeP2pRF4yTc=",
      "icudt_no_CJK.lfu7j35m59.dat": "sha256-L7sV7NEYP37/Qr2FPCePo5cJqRgTXRwGHuwF5Q+0Nfs="
    },
    "coreAssembly": {
      "System.Private.CoreLib.3xomekppne.wasm": "sha256-WWrY/qe8D8i/6FDvsKoLs64VDTvpBtXjw3rvjewDITY=",
      "System.Runtime.InteropServices.JavaScript.lnedh9fxsl.wasm": "sha256-cTDlU0sLp3hCmTKUK2AVqrlAjuFjQveVBhCUZiIdUkc="
    },
    "assembly": {
      "MediatR.Contracts.f5sa8x1lz4.wasm": "sha256-/db+nahzjeSd5EhxUqFrpFzJ998Up6Vgs1PHrV3jqkU=",
      "MediatR.z98cw0jnwz.wasm": "sha256-58SeP5XSiYkvaYi1ZVAAmoEpnG1GrK34q7K3CWTQLwg=",
      "Microsoft.AspNetCore.Components.Forms.nqhkgzzg3v.wasm": "sha256-z0LPm19rfhFsfouRMBN/ah3rq59GI+p99wxeJM/BCZ0=",
      "Microsoft.AspNetCore.Components.9rpxv1wqvj.wasm": "sha256-W1zT/AG53HPc5dUIEynSXN7bVJw9B9HdbdMDjB6bnqs=",
      "Microsoft.AspNetCore.Components.Web.kqqb6t51cn.wasm": "sha256-HEaISyr4uCgNkO7d5N3fDwEixUMJOYkr8oY4NjbFUU4=",
      "Microsoft.AspNetCore.Components.WebAssembly.zx9lf350we.wasm": "sha256-aS+d95y6mX/wHsh9O+04v28YfAARD1k9pPSUnhwg+Y8=",
      "Microsoft.CSharp.lbe1q5fqg0.wasm": "sha256-PwOLHzpUaN6tqXajGtM4oMHtROmQsb+OTSIcP6sP9p4=",
      "Microsoft.Extensions.Configuration.Abstractions.a6k9etuygb.wasm": "sha256-nm856xXIrBrKTqwDOqZkkok1Rrt455om+Bm4QidQLYs=",
      "Microsoft.Extensions.Configuration.Json.xi2jfvrc17.wasm": "sha256-iY6mGzFqdkViRAURvuiU6xZ4IlIqAwMLJpL0OkLWeVw=",
      "Microsoft.Extensions.Configuration.tnr3rmpl14.wasm": "sha256-N24q3vBal3uXZve06jA78IhvoJzeFbmdjqEnUnkSS7w=",
      "Microsoft.Extensions.DependencyInjection.Abstractions.e4xiq1j0ej.wasm": "sha256-LqZKLkeawEpGqzH32ZApaKx19wbaFBPH0bCJZoBx7dM=",
      "Microsoft.Extensions.DependencyInjection.7gn4i8bn3w.wasm": "sha256-Sc7Z5jPLun7BN1LZf1XCKmNyFyw8eCnIkzXQdCRtSqI=",
      "Microsoft.Extensions.Logging.Abstractions.yjs4ut8jsl.wasm": "sha256-cuRPwgx92SeKu3U/kPGuhOpaPSn4S5xmAFcO97liBAg=",
      "Microsoft.Extensions.Logging.0njds877v3.wasm": "sha256-VG+rDQivc1WjdKZ9RxmuGdYpva5X/cLKIfhna2K4cyo=",
      "Microsoft.Extensions.Options.j0jz8jug4n.wasm": "sha256-/aA3zIL0NjLjbxaO1FQpKDs59mNlvqtuzCWmI5VGsQA=",
      "Microsoft.Extensions.Primitives.fb26p7p8dq.wasm": "sha256-xemQ38+33bD3ZoI8JWPXYhdkE6GWU48Joume84DHElk=",
      "Microsoft.IdentityModel.Abstractions.r0dwojslng.wasm": "sha256-601Q2UvldAY5VvkmtBtk2/X985PSSHHf/naXsPpAMwA=",
      "Microsoft.IdentityModel.JsonWebTokens.rp4ufe1kuz.wasm": "sha256-X+pgQ6ZWgHxvnUNYXj2LWknoVZZMUexGyDSx0w7yvWM=",
      "Microsoft.IdentityModel.Logging.u29uo89050.wasm": "sha256-dlEuJhUCH2MgoIJsssOzyXeVbrrsJmleKb9c7UYJEwk=",
      "Microsoft.IdentityModel.Tokens.m8tw6bmrjd.wasm": "sha256-Bk65uU6Yw19N4JicN6e9zCo5rEhhD6snwbLmymXhIQw=",
      "Microsoft.JSInterop.saacvbdtfl.wasm": "sha256-JFrsbc+FmfJqvw/b59/CkEf8gXaotIaHAqBginDlOUM=",
      "Microsoft.JSInterop.WebAssembly.j5m7jjhb9v.wasm": "sha256-GaWH3/h+jMiywp+g7vt6i3wRVl+RkH+TV4HWg12yYXM=",
      "netstandard.ciolva18ei.wasm": "sha256-rJmE5e9UPeqPsrAxR4UP3wEcBH4znGL0nljGTpu2yJ8=",
      "PoRepoLineTracker.Application.99p6tr3xq3.wasm": "sha256-o0EbaNLsJHmnhUNsjfBiiY7pVoPhp0g7SHngOLqaXfI=",
      "PoRepoLineTracker.Client.o36j1w8ghg.wasm": "sha256-pEY5rrfDKdV8M90WrmrcKG4QSsy5pZ1XpREbJ2kM8SU=",
      "PoRepoLineTracker.Domain.cfaoxkasz2.wasm": "sha256-yHvUsn7nsYkvZEXqhVJFOUoJ77T066jFUBjB0fRjL/0=",
      "Radzen.Blazor.1zlelpjnn1.wasm": "sha256-vY8feBUvy7ZJ7XV4Ajbi+gNl7xtXSD2ZWJuEidtLfos=",
      "System.Collections.Concurrent.70nw1lqqf8.wasm": "sha256-iY7Gm4qLMv3/hfRA26VQSLWyEwD2QjEhrmnoQRmpu3I=",
      "System.Collections.Immutable.7xx7x3r7rz.wasm": "sha256-e8Q0NUmod/9+cDyPStvPPVzKNFFlBZAhbHkmpAzcdr0=",
      "System.Collections.NonGeneric.9p63hnzqam.wasm": "sha256-U54xxMap/i+Y3lG2/iMPqwp5G9VRpQuGjVuLSGOMreg=",
      "System.Collections.Specialized.f8tm30hjl2.wasm": "sha256-gQ/Hpu8b8ebGDoRoL/IDRStcI/gRGJQ0nJhd48PEBjE=",
      "System.Collections.nl7ep28cpg.wasm": "sha256-BWFjzeHkVnzuFIviAkZ4HquiSleT6KCSwRlGuSp1RvE=",
      "System.ComponentModel.Annotations.ve8jvneazz.wasm": "sha256-qbPSshWq9QK/F7axKZGbnQtZ94cSB8oM6O7UdAaxYcE=",
      "System.ComponentModel.Primitives.edwqpdbcul.wasm": "sha256-YuMA5YLLVHlT0V7HNwe6Bye3CY4iY1U9npwjB5/Eshc=",
      "System.ComponentModel.TypeConverter.235gk29rav.wasm": "sha256-vqmvpfo/XiBAVxb2QBqDoP62oWitHLMceiSgpEaWGEM=",
      "System.ComponentModel.oqggmdaxu6.wasm": "sha256-QD1DVHIO0+qjM/srw8UNWViolwFgILe7Ow44CMx7z8A=",
      "System.Console.bray4fqa2t.wasm": "sha256-CVXVb/OmjRbjrmrtXn0yZTo/NJCRxpQaQ8dAQYK9lRw=",
      "System.Core.1fzc3977wq.wasm": "sha256-s+okOvdAvvC3Ing88q/V0dYlCxramHaMt7/rwpWYBO4=",
      "System.Diagnostics.DiagnosticSource.2p4h6car0p.wasm": "sha256-+veuX8DWoEb0kYxNq0haS8KcLMGlABRM7u0HEWbduyM=",
      "System.Diagnostics.StackTrace.lrpd04ewcz.wasm": "sha256-T8zIAjGSgDekd3zD5T7wIOwQCompjQ5PhnAklyt3iFo=",
      "System.Diagnostics.TraceSource.ylgzin7t0h.wasm": "sha256-KgN600YETdGB7mtZ4+oacNYt0zU4Z3NZ0QjrWXHCSiM=",
      "System.Formats.Asn1.wd41dq2i9g.wasm": "sha256-dEH67bIvmio4hau6q8yBfFeJtl7BuTC3GDsbRoDcEzg=",
      "System.IO.Compression.as9q3tfue4.wasm": "sha256-9mSgZ8TIKmHUZPrsSRp+0JFpGKj1G2jP6ngo/rgue84=",
      "System.IO.MemoryMappedFiles.5wg31ec3vz.wasm": "sha256-RZEb1BybSwgJfIiIJuJo+4pn3fTDzThR4QSOpdVUwMU=",
      "System.IO.Pipelines.p3j7qo4iu9.wasm": "sha256-dda9oZqpPLxOdPq8CraM1m2wdYGZgPe+/2RijuaydGM=",
      "System.Linq.Dynamic.Core.v56k5wbbs8.wasm": "sha256-zY4O55eQ9gC1F0jl4MFsfpX6oCP3eabUwmK1PIrgx3Q=",
      "System.Linq.Expressions.cr3ylj7f45.wasm": "sha256-iNjzwJcxyU0xpBD5vaxknNh9qAzU1xbskeW6OcjmA1c=",
      "System.Linq.Queryable.a3ueo5c7pn.wasm": "sha256-KqRbAGuMwIjxSBGLAWO/qgAuXl5TYiwl7hyLr0r9htY=",
      "System.Linq.5rwhjdneqe.wasm": "sha256-EfdBKDbvGV9+uu8gn66X/62vVvJdcmaSt9PTUIs5t5s=",
      "System.Memory.ehm0y3mxjr.wasm": "sha256-0l8IGTve77tho5yDRTHNrZgPUWY/rt/7Cw7tWcmiu0Y=",
      "System.Net.Http.Json.f79gwu91qk.wasm": "sha256-m7o+vltvh+sjYGoHIdbg/q84mIbTdGqzGzMn1g/mwWU=",
      "System.Net.Http.jetktt1dc9.wasm": "sha256-JQ3dGkKFaDXfr1+GYc7glFmBJK83hf5+KPYlrDQ61z0=",
      "System.Net.Primitives.neyihtxzev.wasm": "sha256-UWz8Xc3aMOOTtjyxXS9iphkcGf6l5buhiMUj+mgIxRU=",
      "System.ObjectModel.90eh2k04gg.wasm": "sha256-14yyRoiaMce6Zz552hSTCeHlNsbhy665wvV+1bTLLvQ=",
      "System.Private.Uri.mn47kzin0b.wasm": "sha256-rgwzhSrDuc+6gyRNYPHWSzM5/IxBGrfT10Hu9PGZFTc=",
      "System.Private.Xml.Linq.li235h1jca.wasm": "sha256-g/d2hmK/AnOKwExpQNdo/8lXxWoAco09NAegrgSCFqk=",
      "System.Private.Xml.wnompvptiw.wasm": "sha256-pHTNKASnZiyKhL58iTX7NC0paiGKTCxlSDXtr5dISSA=",
      "System.Reflection.Emit.ILGeneration.k22udwc9ij.wasm": "sha256-/BL6DJT9xsoxQa5HHjm0Jm7dX05JjNbD8tezIktYs5U=",
      "System.Reflection.Emit.lpgff7l6s8.wasm": "sha256-p0J8eeNY6bfN1FlzCdY5nuYNGoyJGmNbPlHTjB8BZgU=",
      "System.Reflection.Metadata.gi05fqp3gx.wasm": "sha256-2Pjvfc7zKDFI+cIEdgZP3B8lUjqFNfjRL+3UBj4tw/I=",
      "System.Reflection.Primitives.dhny9hcbnv.wasm": "sha256-n0dXDCI2fXe2MIzaTJ2Z6/I/3rm38ohYN8/AEy7LUsM=",
      "System.Runtime.InteropServices.RuntimeInformation.zj885fhugg.wasm": "sha256-sdFerliPqES0uadSvdtKYJL9o+nBhZmg6J8HpXSM9e4=",
      "System.Runtime.InteropServices.pa17vtws4x.wasm": "sha256-URWNhRucZcVWRsu88nkHC+JcTTLuvA8/+IlGevq4ju4=",
      "System.Runtime.Numerics.lx0wdhrgha.wasm": "sha256-R3JT6/xvEjj/NPipPPFNUj43sIPaYUMIxdHCc/hdYck=",
      "System.Runtime.8rswps0rng.wasm": "sha256-bD126EpqbkL59BXZ6vuexQ5GvHvPKUQ8jsoEd8Oqr4w=",
      "System.Security.Claims.3ktk80y5w5.wasm": "sha256-ozonp1//A3N39RbmKTxBWFfvYNwRJ2wB5ofmAUsVPzk=",
      "System.Security.Cryptography.tuwmntmuwg.wasm": "sha256-1TrZ1laQSOURTKLfxr0kLU3VVpVTeL/DMs/al7R+IGk=",
      "System.Text.Encodings.Web.gopmtb811g.wasm": "sha256-gDQkk7tRCO4DmKDacmjCXJolGv0HxjG8BvuLdk7xfcs=",
      "System.Text.Json.ilkp3xkrtn.wasm": "sha256-hjt1ZnXOecluWtG49NZUv5LKtrA7gPOtUpvdqr5enOs=",
      "System.Text.RegularExpressions.p6ct48udar.wasm": "sha256-D1lMZ3fV/HjeFhdpNIGPlJ/B3OwIMb706btF2Ab99Ck=",
      "System.Threading.Thread.uxktklnrtr.wasm": "sha256-QkfpGoI2FeByV4QgjSA9QxCaUK1CLNHbG604P9xEYDI=",
      "System.Threading.mpkznl8soh.wasm": "sha256-ZkGWxzrDGOHI61/KiyUjX5Fo+fkOZx/wljiQTJPtQyU=",
      "System.wznexm8bk2.wasm": "sha256-/Imz/Enqa2AZc4T3k/CqtsM6674KRN9OUtvK4Nokhew=",
      "System.Web.HttpUtility.a54destebp.wasm": "sha256-wpvaCSBT/g/k/8Zx1FtP7sgMZNZPQFnBPwq9llWIZas=",
      "System.Xml.Linq.hvxjxkvtb2.wasm": "sha256-wwxsYRpXsPfLkFVXXX9uditc29XXKjAFv10/9OYAhf8=",
      "System.Xml.ReaderWriter.laoccmww12.wasm": "sha256-A1b2AC8YOrDwrGrcqkphrc9DhB8kVrGGnWe8Np2716o=",
      "System.Xml.XDocument.w83pehuuzm.wasm": "sha256-sO73DYFvR29/pZIOyUP0RjvTz46ZXie/Q39sKG6NiAk="
    }
  },
  "cacheBootResources": true,
  "debugLevel": 0,
  "linkerEnabled": true,
  "globalizationMode": "sharded",
  "extensions": {
    "blazor": {}
  }
}