﻿<?xml version="1.0" encoding="utf-8"?>
<deployment>
  <id>9998b388241745a2860dbe47c949baf2</id>
  <author>N/A</author>
  <deployer>ZipDeploy</deployer>
  <authorEmail>N/A</authorEmail>
  <message>Created via a push deployment</message>
  <progress></progress>
  <status>Success</status>
  <statusText></statusText>
  <lastSuccessEndTime>2025-10-09T15:50:33.4654073Z</lastSuccessEndTime>
  <receivedTime>2025-10-09T15:50:23.5055984Z</receivedTime>
  <startTime>2025-10-09T15:50:23.6306009Z</startTime>
  <endTime>2025-10-09T15:50:33.4654073Z</endTime>
  <complete>True</complete>
  <is_temp>False</is_temp>
  <is_readonly>True</is_readonly>
  <project_type>BASIC</project_type>
  <vsproject_id></vsproject_id>
</deployment>