<Events><Event><System><Provider Name="IIS AspNetCore Module V2"/><EventID>1032</EventID><Level>4</Level><Task>0</Task><Keywords>Keywords</Keywords><TimeCreated SystemTime="2025-10-09T14:32:44Z"/><EventRecordID>-1840046375</EventRecordID><Channel>Application</Channel><Computer>WEBWK000000</Computer><Security/></System><EventData><Data>Application 'C:\home\site\wwwroot\' started successfully.</Data><Data>Process Id: 8564.</Data><Data>File Version: 19.0.25119.5. Description: IIS ASP.NET Core Module V2 Request Handler. Commit: </Data></EventData></Event><Event><System><Provider Name="IIS AspNetCore Module V2"/><EventID>1033</EventID><Level>4</Level><Task>0</Task><Keywords>Keywords</Keywords><TimeCreated SystemTime="2025-10-09T14:53:39Z"/><EventRecordID>-1838790828</EventRecordID><Channel>Application</Channel><Computer>WEBWK000000</Computer><Security/></System><EventData><Data>Application 'MACHINE/WEBROOT/APPHOST/POREPOLINETRACKER' has shutdown.</Data><Data>Process Id: 8564.</Data><Data>File Version: 19.0.25119.5. Description: IIS ASP.NET Core Module V2 Request Handler. Commit: </Data></EventData></Event><Event><System><Provider Name="IIS AspNetCore Module V2"/><EventID>1032</EventID><Level>4</Level><Task>0</Task><Keywords>Keywords</Keywords><TimeCreated SystemTime="2025-10-09T15:17:53Z"/><EventRecordID>-1837337515</EventRecordID><Channel>Application</Channel><Computer>WEBWK000000</Computer><Security/></System><EventData><Data>Application 'C:\home\site\wwwroot\' started successfully.</Data><Data>Process Id: 5296.</Data><Data>File Version: 19.0.25119.5. Description: IIS ASP.NET Core Module V2 Request Handler. Commit: </Data></EventData></Event><Event><System><Provider Name="IIS AspNetCore Module V2"/><EventID>1033</EventID><Level>4</Level><Task>0</Task><Keywords>Keywords</Keywords><TimeCreated SystemTime="2025-10-09T15:22:04Z"/><EventRecordID>-1837086203</EventRecordID><Channel>Application</Channel><Computer>WEBWK000000</Computer><Security/></System><EventData><Data>Application 'MACHINE/WEBROOT/APPHOST/POREPOLINETRACKER' has shutdown.</Data><Data>Process Id: 5296.</Data><Data>File Version: 19.0.25119.5. Description: IIS ASP.NET Core Module V2 Request Handler. Commit: </Data></EventData></Event><Event><System><Provider Name="IIS AspNetCore Module V2"/><EventID>1032</EventID><Level>4</Level><Task>0</Task><Keywords>Keywords</Keywords><TimeCreated SystemTime="2025-10-09T15:22:40Z"/><EventRecordID>-1837050203</EventRecordID><Channel>Application</Channel><Computer>WEBWK000000</Computer><Security/></System><EventData><Data>Application 'C:\home\site\wwwroot\' started successfully.</Data><Data>Process Id: 8748.</Data><Data>File Version: 19.0.25119.5. Description: IIS ASP.NET Core Module V2 Request Handler. Commit: </Data></EventData></Event><Event><System><Provider Name="ASP.NET 4.0.30319.0"/><EventID>1309</EventID><Level>2</Level><Task>0</Task><Keywords>Keywords</Keywords><TimeCreated SystemTime="2025-10-09T15:32:15Z"/><EventRecordID>-1836475640</EventRecordID><Channel>Application</Channel><Computer>WEBWK000000</Computer><Security/></System><EventData><Data>3005</Data><Data>An unhandled exception has occurred.</Data><Data>10/9/2025 3:32:15 PM</Data><Data>10/9/2025 3:32:15 PM</Data><Data>8ad23ef9c55249e99a472ce4d5b1f23f</Data><Data>4</Data><Data>1</Data><Data>0</Data><Data>/LM/W3SVC/1287894134/ROOT-1-134044975331427551</Data><Data>Full</Data><Data>/</Data><Data>C:\Program Files (x86)\SiteExtensions\Kudu\2025.09.1.1\</Data><Data>WEBWK000000</Data><Data/><Data>7200</Data><Data>w3wp.exe</Data><Data>IIS APPPOOL\PoRepoLineTracker</Data><Data>HttpException</Data><Data>The remote host closed the connection. The error code is 0x800704CD.
   at System.Web.Hosting.IIS7WorkerRequest.RaiseCommunicationError(Int32 result, Boolean throwOnDisconnect)
   at System.Web.Hosting.IIS7WorkerRequest.ExplicitFlush()
   at System.Web.HttpResponse.Flush(Boolean finalFlush, Boolean async)
   at System.Web.HttpResponse.Flush()
   at System.Web.HttpWriter.Write(String s)
   at Kudu.Services.Performance.LogStreamManager.WriteInitialMessage(HttpContext context) in C:\__w\1\s\Kudu.Services\Diagnostics\LogStreamManager.cs:line 187
   at Kudu.Services.Performance.LogStreamManager.BeginProcessRequest(HttpContext context, AsyncCallback cb, Object extraData) in C:\__w\1\s\Kudu.Services\Diagnostics\LogStreamManager.cs:line 82
   at Kudu.Services.Performance.LogStreamHandler.BeginProcessRequest(HttpContext context, AsyncCallback cb, Object extraData) in C:\__w\1\s\Kudu.Services\Diagnostics\LogStreamHandler.cs:line 36
   at System.Web.HttpApplication.CallHandlerExecutionStep.System.Web.HttpApplication.IExecutionStep.Execute()
   at System.Web.HttpApplication.ExecuteStepImpl(IExecutionStep step)
   at System.Web.HttpApplication.ExecuteStep(IExecutionStep step, Boolean&amp; completedSynchronously)

</Data><Data>https://porepolinetracker.scm.azurewebsites.net:443/logstream</Data><Data>/logstream</Data><Data>69.138.244.34</Data><Data></Data><Data>False</Data><Data></Data><Data>IIS APPPOOL\PoRepoLineTracker</Data><Data>8</Data><Data>IIS APPPOOL\PoRepoLineTracker</Data><Data>False</Data><Data>   at System.Web.Hosting.IIS7WorkerRequest.RaiseCommunicationError(Int32 result, Boolean throwOnDisconnect)
   at System.Web.Hosting.IIS7WorkerRequest.ExplicitFlush()
   at System.Web.HttpResponse.Flush(Boolean finalFlush, Boolean async)
   at System.Web.HttpResponse.Flush()
   at System.Web.HttpWriter.Write(String s)
   at Kudu.Services.Performance.LogStreamManager.WriteInitialMessage(HttpContext context) in C:\__w\1\s\Kudu.Services\Diagnostics\LogStreamManager.cs:line 187
   at Kudu.Services.Performance.LogStreamManager.BeginProcessRequest(HttpContext context, AsyncCallback cb, Object extraData) in C:\__w\1\s\Kudu.Services\Diagnostics\LogStreamManager.cs:line 82
   at Kudu.Services.Performance.LogStreamHandler.BeginProcessRequest(HttpContext context, AsyncCallback cb, Object extraData) in C:\__w\1\s\Kudu.Services\Diagnostics\LogStreamHandler.cs:line 36
   at System.Web.HttpApplication.CallHandlerExecutionStep.System.Web.HttpApplication.IExecutionStep.Execute()
   at System.Web.HttpApplication.ExecuteStepImpl(IExecutionStep step)
   at System.Web.HttpApplication.ExecuteStep(IExecutionStep step, Boolean&amp; completedSynchronously)
</Data></EventData></Event><Event><System><Provider Name="IIS AspNetCore Module V2"/><EventID>1033</EventID><Level>4</Level><Task>0</Task><Keywords>Keywords</Keywords><TimeCreated SystemTime="2025-10-09T15:47:14Z"/><EventRecordID>-1835576140</EventRecordID><Channel>Application</Channel><Computer>WEBWK000000</Computer><Security/></System><EventData><Data>Application 'MACHINE/WEBROOT/APPHOST/POREPOLINETRACKER' has shutdown.</Data><Data>Process Id: 8748.</Data><Data>File Version: 19.0.25119.5. Description: IIS ASP.NET Core Module V2 Request Handler. Commit: </Data></EventData></Event><Event><System><Provider Name="IIS AspNetCore Module V2"/><EventID>1032</EventID><Level>4</Level><Task>0</Task><Keywords>Keywords</Keywords><TimeCreated SystemTime="2025-10-09T17:53:31Z"/><EventRecordID>-1827999781</EventRecordID><Channel>Application</Channel><Computer>WEBWK000000</Computer><Security/></System><EventData><Data>Application 'C:\home\site\wwwroot\' started successfully.</Data><Data>Process Id: 8412.</Data><Data>File Version: 19.0.25119.5. Description: IIS ASP.NET Core Module V2 Request Handler. Commit: </Data></EventData></Event><Event><System><Provider Name="IIS AspNetCore Module V2"/><EventID>1012</EventID><Level>4</Level><Task>0</Task><Keywords>Keywords</Keywords><TimeCreated SystemTime="2025-10-09T18:02:02Z"/><EventRecordID>-1827487968</EventRecordID><Channel>Application</Channel><Computer>WEBWK000000</Computer><Security/></System><EventData><Data>Application 'C:\home\site\wwwroot\' was recycled after detecting app_offline.htm.</Data><Data>Process Id: 8412.</Data><Data>File Version: 19.0.25119.5. Description: IIS ASP.NET Core Module V2 Request Handler. Commit: </Data></EventData></Event><Event><System><Provider Name="IIS AspNetCore Module V2"/><EventID>1033</EventID><Level>4</Level><Task>0</Task><Keywords>Keywords</Keywords><TimeCreated SystemTime="2025-10-09T18:02:03Z"/><EventRecordID>-1827487875</EventRecordID><Channel>Application</Channel><Computer>WEBWK000000</Computer><Security/></System><EventData><Data>Application 'MACHINE/WEBROOT/APPHOST/POREPOLINETRACKER' has shutdown.</Data><Data>Process Id: 8412.</Data><Data>File Version: 19.0.25119.5. Description: IIS ASP.NET Core Module V2 Request Handler. Commit: </Data></EventData></Event><Event><System><Provider Name="IIS AspNetCore Module V2"/><EventID>1032</EventID><Level>4</Level><Task>0</Task><Keywords>Keywords</Keywords><TimeCreated SystemTime="2025-10-09T18:41:21Z"/><EventRecordID>-1825129375</EventRecordID><Channel>Application</Channel><Computer>WEBWK000000</Computer><Security/></System><EventData><Data>Application 'C:\home\site\wwwroot\' started successfully.</Data><Data>Process Id: 9088.</Data><Data>File Version: 19.0.25119.5. Description: IIS ASP.NET Core Module V2 Request Handler. Commit: </Data></EventData></Event><Event><System><Provider Name="IIS AspNetCore Module V2"/><EventID>1012</EventID><Level>4</Level><Task>0</Task><Keywords>Keywords</Keywords><TimeCreated SystemTime="2025-10-09T18:54:41Z"/><EventRecordID>-1824329828</EventRecordID><Channel>Application</Channel><Computer>WEBWK000000</Computer><Security/></System><EventData><Data>Application 'C:\home\site\wwwroot\' was recycled after detecting app_offline.htm.</Data><Data>Process Id: 9088.</Data><Data>File Version: 19.0.25119.5. Description: IIS ASP.NET Core Module V2 Request Handler. Commit: </Data></EventData></Event><Event><System><Provider Name="IIS AspNetCore Module V2"/><EventID>1033</EventID><Level>4</Level><Task>0</Task><Keywords>Keywords</Keywords><TimeCreated SystemTime="2025-10-09T18:54:41Z"/><EventRecordID>-1824329734</EventRecordID><Channel>Application</Channel><Computer>WEBWK000000</Computer><Security/></System><EventData><Data>Application 'MACHINE/WEBROOT/APPHOST/POREPOLINETRACKER' has shutdown.</Data><Data>Process Id: 9088.</Data><Data>File Version: 19.0.25119.5. Description: IIS ASP.NET Core Module V2 Request Handler. Commit: </Data></EventData></Event><Event><System><Provider Name="IIS AspNetCore Module V2"/><EventID>1032</EventID><Level>4</Level><Task>0</Task><Keywords>Keywords</Keywords><TimeCreated SystemTime="2025-10-09T19:19:48Z"/><EventRecordID>-1822822484</EventRecordID><Channel>Application</Channel><Computer>WEBWK000000</Computer><Security/></System><EventData><Data>Application 'C:\home\site\wwwroot\' started successfully.</Data><Data>Process Id: 9680.</Data><Data>File Version: 19.0.25119.5. Description: IIS ASP.NET Core Module V2 Request Handler. Commit: </Data></EventData></Event></Events>