﻿<?xml version="1.0" encoding="utf-8"?>
<deployment>
  <id>afd8b11e9ade490b8d3e09cffe69968d</id>
  <author>N/A</author>
  <deployer>ZipDeploy</deployer>
  <authorEmail>N/A</authorEmail>
  <message>Created via a push deployment</message>
  <progress></progress>
  <status>Success</status>
  <statusText></statusText>
  <lastSuccessEndTime>2025-10-09T03:13:06.9702788Z</lastSuccessEndTime>
  <receivedTime>2025-10-09T03:12:52.1271219Z</receivedTime>
  <startTime>2025-10-09T03:12:52.2521277Z</startTime>
  <endTime>2025-10-09T03:13:06.9702788Z</endTime>
  <complete>True</complete>
  <is_temp>False</is_temp>
  <is_readonly>True</is_readonly>
  <project_type>BASIC</project_type>
  <vsproject_id></vsproject_id>
</deployment>