﻿<?xml version="1.0" encoding="utf-8"?>
<deployment>
  <id>23fd379399dc4f1eaea6c0caa8613c8c</id>
  <author>N/A</author>
  <deployer>ZipDeploy</deployer>
  <authorEmail>N/A</authorEmail>
  <message>Created via a push deployment</message>
  <progress></progress>
  <status>Success</status>
  <statusText></statusText>
  <lastSuccessEndTime>2025-10-09T18:02:13.2733414Z</lastSuccessEndTime>
  <receivedTime>2025-10-09T18:02:02.3806315Z</receivedTime>
  <startTime>2025-10-09T18:02:02.4900128Z</startTime>
  <endTime>2025-10-09T18:02:13.2733414Z</endTime>
  <complete>True</complete>
  <is_temp>False</is_temp>
  <is_readonly>True</is_readonly>
  <project_type>BASIC</project_type>
  <vsproject_id></vsproject_id>
</deployment>