﻿<?xml version="1.0" encoding="utf-8"?>
<deployment>
  <id>88debbec6f514d7ab8951548735fba44</id>
  <author>N/A</author>
  <deployer>ZipDeploy</deployer>
  <authorEmail>N/A</authorEmail>
  <message>Created via a push deployment</message>
  <progress></progress>
  <status>Success</status>
  <statusText></statusText>
  <lastSuccessEndTime>2025-10-09T18:54:50.8179426Z</lastSuccessEndTime>
  <receivedTime>2025-10-09T18:54:40.5473837Z</receivedTime>
  <startTime>2025-10-09T18:54:40.6723832Z</startTime>
  <endTime>2025-10-09T18:54:50.8179426Z</endTime>
  <complete>True</complete>
  <is_temp>False</is_temp>
  <is_readonly>True</is_readonly>
  <project_type>BASIC</project_type>
  <vsproject_id></vsproject_id>
</deployment>